Date,HVO_class_II_fob_ARA,Ucome_fob_ARA,UCO_exw_ARA,EU_BRENT_CRUDE,LSMGO_Rotterdam,EUR_USD_rate,Rate,FuelEU_MGO_penalty
2021-04-26,1965.05,1568.95,1310.39,65.65,503.0,0.828,0.07,0.0
2021-04-27,1968.09,1591.75,1310.39,66.42,516.0,0.828,0.07,0.0
2021-04-28,1982.93,1605.45,1312.605,67.27,521.0,0.8266,0.07,0.0
2021-04-29,1987.52,1607.19,1320.735,68.56,528.0,0.8253,0.06,0.0
2021-04-30,1983.18,1609.77,1311.2,67.25,523.0,0.8313,0.05,0.0
2021-05-01,1987.8975,1614.3725,1310.80625,67.35333333333334,524.6666666666666,0.83155,0.05333333333333334,0.0
2021-05-02,1992.615,1618.975,1310.4125,67.45666666666666,526.3333333333334,0.8318000000000001,0.056666666666666664,0.0
2021-05-03,1997.3325,1623.5775,1310.01875,67.56,528.0,0.8320500000000001,0.06,0.0
2021-05-04,2002.05,1628.18,1309.625,68.88,533.0,0.8323,0.06,0.0
2021-05-05,2011.06,1617.0,1308.21,68.96,545.0,0.8332,0.06,0.0
2021-05-06,2002.39,1629.17,1314.045,68.09,538.0,0.8295,0.06,0.0
2021-05-07,2001.85,1637.0,1324.745,68.28,536.0,0.8228,0.06,0.0
2021-05-08,2002.4833333333333,1640.9166666666667,1325.0133333333333,68.29333333333334,538.3333333333334,0.8226333333333333,0.06,0.0
2021-05-09,2003.1166666666666,1644.8333333333333,1325.2816666666665,68.30666666666666,540.6666666666666,0.8224666666666667,0.06,0.0
2021-05-10,2003.75,1648.75,1325.55,68.32,543.0,0.8223,0.06,0.0
2021-05-11,2007.81,1657.0,1326.36,68.55,535.0,0.8218,0.06,0.0
2021-05-12,2020.27,1709.0,1316.425,69.32,550.0,0.828,0.06,0.0
2021-05-13,1998.44,1702.6,1315.95,67.05,541.0,0.8283,0.06,0.0
2021-05-14,2084.64,1703.67,1329.045,68.71,545.0,0.8239,0.06,0.0
2021-05-15,2086.9266666666667,1707.03,1329.53,68.96,545.3333333333334,0.8236,0.06,0.0
2021-05-16,2089.213333333333,1710.39,1330.015,69.21,545.6666666666666,0.8232999999999999,0.06,0.0
2021-05-17,2091.5,1713.75,1330.5,69.46,546.0,0.823,0.06,0.0
2021-05-18,2094.29,1732.62,1336.67,68.71,558.0,0.8192,0.06,0.0
2021-05-19,2070.02,1713.92,1362.75,66.66,540.0,0.8182,0.06,0.0
2021-05-20,2073.35,1724.5,1392.28,65.11,536.0,0.8188,0.06,0.0
2021-05-21,2079.85,1728.33,1401.585,66.44,525.0,0.8205,0.06,0.0
2021-05-22,2083.63,1726.6266666666666,1402.7833333333333,67.11333333333333,530.3333333333334,0.8198,0.06,0.0
2021-05-23,2087.41,1724.9233333333334,1403.9816666666668,67.78666666666666,535.6666666666666,0.8191,0.06,0.0
2021-05-24,2091.19,1723.22,1405.18,68.46,541.0,0.8184,0.06,0.0
2021-05-25,2093.13,1717.67,1419.48,68.65,541.0,0.8172,0.06,0.0
2021-05-26,2096.11,1732.29,1435.025,68.87,548.0,0.8188,0.06,0.0
2021-05-27,2097.04,1735.45,1432.925,69.46,550.0,0.82,0.06,0.0
2021-05-28,2203.78,1739.31,1432.055,69.63,553.0,0.8205,0.05,0.0
2021-05-29,2205.8125,1757.435,1433.8525,69.52666666666666,553.0,0.8196333333333333,0.052500000000000005,0.0
2021-05-30,2207.8450000000003,1775.56,1435.65,69.42333333333333,553.0,0.8187666666666666,0.055,0.0
2021-05-31,2209.8775,1793.685,1437.4475,69.32,553.0,0.8179,0.057499999999999996,0.0
2021-06-01,2211.91,1811.81,1439.245,70.25,569.0,0.8164,0.06,0.0
2021-06-02,2217.41,1834.39,1465.735,71.35,563.0,0.8187,0.06,0.0
2021-06-03,2215.91,1813.0,1455.075,71.31,568.0,0.8247,0.06,0.0
2021-06-04,2272.61,1833.0,1472.2,71.89,573.0,0.8219,0.06,0.0
2021-06-05,2272.34,1829.4166666666667,1473.3966666666668,71.75666666666666,571.0,0.8212333333333333,0.06,0.0
2021-06-06,2272.07,1825.8333333333333,1474.5933333333332,71.62333333333333,569.0,0.8205666666666667,0.06,0.0
2021-06-07,2271.8,1822.25,1475.79,71.49,567.0,0.8199,0.06,0.0
2021-06-08,2272.07,1804.0,1485.81,72.22,564.0,0.8211,0.06,0.0
2021-06-09,2276.68,1786.75,1492.81,72.22,574.0,0.8206,0.06,0.0
2021-06-10,2279.66,1794.5,1490.45,72.52,577.0,0.8219,0.06,0.0
2021-06-11,2311.71,1764.5,1481.795,72.69,575.0,0.8267,0.06,0.0
2021-06-12,2313.4533333333334,1755.4433333333334,1482.9933333333333,72.74666666666667,576.3333333333334,0.8260333333333333,0.06,0.0
2021-06-13,2315.1966666666667,1746.3866666666665,1484.1916666666668,72.80333333333333,577.6666666666666,0.8253666666666667,0.06,0.0
2021-06-14,2316.94,1737.33,1485.39,72.86,579.0,0.8247,0.06,0.0
2021-06-15,2319.46,1731.66,1461.315,73.99,584.0,0.8246,0.06,0.0
2021-06-16,2329.56,1740.98,1460.25,74.39,590.0,0.8252,0.06,0.0
2021-06-17,2314.28,1726.88,1405.935,73.08,581.0,0.8393,0.1,0.0
2021-06-18,2297.4,1709.05,1387.08,73.51,575.0,0.8435,0.1,0.0
2021-06-19,2298.3766666666666,1709.95,1383.3816666666667,73.97333333333334,575.6666666666666,0.8421333333333334,0.1,0.0
2021-06-20,2299.3533333333335,1710.85,1379.6833333333332,74.43666666666667,576.3333333333334,0.8407666666666667,0.1,0.0
2021-06-21,2300.33,1711.75,1375.985,74.9,577.0,0.8394,0.1,0.0
2021-06-22,2304.96,1716.02,1375.165,74.81,581.0,0.8399,0.1,0.0
2021-06-23,2312.39,1727.88,1373.625,75.19,591.0,0.8372,0.1,0.0
2021-06-24,2308.43,1729.23,1371.825,75.56,591.0,0.8383,0.1,0.0
2021-06-25,2356.4,1732.09,1373.46,76.18,595.0,0.8373,0.1,0.0
2021-06-26,2354.0933333333332,1732.2933333333333,1373.025,75.68,592.6666666666666,0.8375666666666667,0.1,0.0
2021-06-27,2351.786666666667,1732.4966666666667,1372.59,75.18,590.3333333333334,0.8378333333333333,0.1,0.0
2021-06-28,2349.48,1732.7,1372.155,74.68,588.0,0.8381,0.1,0.0
2021-06-29,2350.41,1733.56,1369.21,74.76,581.0,0.8399,0.1,0.0
2021-06-30,2346.52,1729.97,1351.675,75.13,584.0,0.8434,0.08,0.0
2021-07-01,2356.4,1765.84,1356.795,75.84,595.0,0.8439,0.1,0.0
2021-07-02,2368.59,1772.42,1367.835,76.17,593.0,0.8444,0.1,0.0
2021-07-03,2370.1533333333336,1770.53,1368.7,76.5,594.3333333333334,0.8438666666666667,0.1,0.0
2021-07-04,2371.7166666666667,1768.64,1369.565,76.83,595.6666666666666,0.8433333333333334,0.1,0.0
2021-07-05,2373.28,1766.75,1370.43,77.16,597.0,0.8428,0.1,0.0
2021-07-06,2354.86,1729.75,1371.805,74.53,601.0,0.8456,0.1,0.0
2021-07-07,2340.78,1711.75,1368.085,73.43,585.0,0.8479,0.1,0.0
2021-07-08,2348.09,1718.5,1368.16,74.12,575.0,0.8442,0.1,0.0
2021-07-09,2399.64,1729.0,1370.27,75.55,591.0,0.8429,0.1,0.0
2021-07-10,2397.833333333333,1711.5,1360.2766666666666,75.42,589.3333333333334,0.8429666666666666,0.1,0.0
2021-07-11,2396.0266666666666,1694.0,1350.2833333333333,75.28999999999999,587.6666666666666,0.8430333333333333,0.1,0.0
2021-07-12,2394.22,1676.5,1340.29,75.16,586.0,0.8431,0.1,0.0
2021-07-13,2401.26,1693.0,1335.065,76.49,594.0,0.8464,0.1,0.0
2021-07-14,2400.72,1671.33,1359.985,74.76,596.0,0.8456,0.1,0.0
2021-07-15,2388.6,1661.31,1346.725,73.47,591.0,0.8465,0.1,0.0
2021-07-16,2403.33,1662.16,1346.085,73.59,586.0,0.8469,0.1,0.0
2021-07-17,2390.883333333333,1652.3366666666668,1345.7666666666667,71.93333333333334,577.6666666666666,0.8471,0.1,0.0
2021-07-18,2378.4366666666665,1642.5133333333333,1345.4483333333335,70.27666666666667,569.3333333333334,0.8473,0.1,0.0
2021-07-19,2365.99,1632.69,1345.13,68.62,561.0,0.8475,0.1,0.0
2021-07-20,2365.79,1652.5,1341.335,69.35,541.0,0.8499,0.1,0.0
2021-07-21,2390.68,1660.48,1321.53,72.23,553.0,0.8475,0.1,0.0
2021-07-22,2398.59,1661.78,1313.775,73.79,573.0,0.8487,0.1,0.0
2021-07-23,2444.14,1698.73,1341.02,74.1,581.0,0.8501,0.1,0.0
2021-07-24,2444.52,1698.7233333333334,1342.815,74.23333333333333,582.0,0.8489666666666666,0.1,0.0
2021-07-25,2444.9,1698.7166666666667,1344.61,74.36666666666666,583.0,0.8478333333333333,0.1,0.0
2021-07-26,2445.28,1698.71,1346.405,74.5,584.0,0.8467,0.1,0.0
2021-07-27,2446.02,1693.2,1343.035,74.48,586.0,0.8451,0.1,0.0
2021-07-28,2446.46,1701.47,1340.025,74.74,587.0,0.847,0.1,0.0
2021-07-29,2455.64,1724.32,1343.32,76.05,589.0,0.8412,0.1,0.0
2021-07-30,2466.45,1724.0,1340.45,76.33,596.0,0.843,0.07,0.0
2021-07-31,2460.2566666666667,1725.6166666666666,1341.3,75.18333333333334,594.0,0.8424666666666667,0.08,0.0
2021-08-01,2454.063333333333,1727.2333333333333,1342.15,74.03666666666666,592.0,0.8419333333333333,0.09000000000000001,0.0
2021-08-02,2447.87,1728.85,1343.0,72.89,590.0,0.8414,0.1,0.0
2021-08-03,2443.29,1742.62,1339.655,72.41,575.0,0.8435,0.1,0.0
2021-08-04,2432.25,1792.43,1325.6,70.38,571.0,0.8449,0.1,0.0
2021-08-05,2436.38,1791.25,1326.23,71.29,564.0,0.8445,0.1,0.0
2021-08-06,2431.24,1771.5,1341.02,70.7,568.0,0.8501,0.1,0.0
2021-08-07,2424.83,1768.9166666666667,1340.4416666666666,70.14666666666668,560.6666666666666,0.8504666666666666,0.1,0.0
2021-08-08,2418.42,1766.3333333333333,1339.8633333333335,69.59333333333333,553.3333333333334,0.8508333333333333,0.1,0.0
2021-08-09,2412.01,1763.75,1339.285,69.04,546.0,0.8512,0.1,0.0
2021-08-10,2430.7,1766.0,1324.89,70.63,551.0,0.8529,0.1,0.0
2021-08-11,2426.63,1760.25,1314.4,71.44,559.0,0.8521,0.1,0.0
2021-08-12,2433.41,1766.5,1314.09,71.31,563.0,0.8523,0.1,0.0
2021-08-13,2483.66,1802.55,1321.69,70.59,563.0,0.8474,0.1,0.0
2021-08-14,2479.64,1798.84,1321.015,70.23,561.3333333333334,0.8478333333333333,0.1,0.0
2021-08-15,2475.62,1795.13,1320.34,69.87,559.6666666666666,0.8482666666666667,0.1,0.0
2021-08-16,2471.6,1791.42,1319.665,69.51,558.0,0.8487,0.1,0.0
2021-08-17,2474.83,1794.4,1317.945,69.03,549.0,0.8536,0.1,0.0
2021-08-18,2471.09,1750.95,1316.715,68.23,549.0,0.8544,0.09,0.0
2021-08-19,2441.44,1723.58,1320.555,66.45,531.0,0.8557,0.09,0.0
2021-08-20,2444.76,1744.15,1320.095,65.18,528.0,0.856,0.09,0.0
2021-08-21,2453.0066666666667,1743.26,1322.005,66.37,530.3333333333334,0.8547666666666667,0.09,0.0
2021-08-22,2461.2533333333336,1742.3700000000001,1323.915,67.56,532.6666666666666,0.8535333333333333,0.09,0.0
2021-08-23,2469.5,1741.48,1325.825,68.75,535.0,0.8523,0.09,0.0
2021-08-24,2486.18,1756.88,1327.85,71.05,555.0,0.851,0.09,0.0
2021-08-25,2490.95,1756.78,1292.445,72.25,564.0,0.8511,0.09,0.0
2021-08-26,2490.71,1756.56,1299.54,71.07,563.0,0.8503,0.09,0.0
2021-08-27,2500.94,1741.0,1279.33,72.7,576.0,0.8481,0.08,0.0
2021-08-28,2501.8050000000003,1739.925,1279.67,72.93666666666667,576.0,0.8478749999999999,0.08,0.0
2021-08-29,2502.67,1738.85,1280.01,73.17333333333333,576.0,0.84765,0.08,0.0
2021-08-30,2503.535,1737.775,1280.35,73.41,576.0,0.847425,0.08,0.0
2021-08-31,2504.4,1736.7,1280.69,72.99,573.0,0.8472,0.06,0.0
2021-09-01,2496.91,1729.78,1274.15,71.59,571.0,0.8437,0.08,0.0
2021-09-02,2520.74,1736.78,1275.21,73.03,580.0,0.843,0.08,0.0
2021-09-03,2516.64,1761.75,1295.305,72.61,586.0,0.8415,0.08,0.0
2021-09-04,2514.4733333333334,1769.3333333333333,1294.5366666666666,72.48,586.6666666666666,0.842,0.08,0.0
2021-09-05,2512.3066666666664,1776.9166666666667,1293.7683333333334,72.35,587.3333333333334,0.8425,0.08,0.0
2021-09-06,2510.14,1784.5,1293.0,72.22,588.0,0.843,0.08,0.0
2021-09-07,2505.27,1851.07,1290.55,71.69,577.0,0.8446,0.08,0.0
2021-09-08,2508.79,1854.32,1275.995,72.6,583.0,0.8464,0.08,0.0
2021-09-09,2509.6,1856.5,1264.325,71.45,576.0,0.8463,0.08,0.0
2021-09-10,2474.93,1840.0,1271.59,72.92,584.0,0.8454,0.08,0.0
2021-09-11,2476.7366666666667,1841.6666666666667,1270.7883333333332,73.11666666666667,584.6666666666666,0.8459333333333333,0.08,0.0
2021-09-12,2478.543333333333,1843.3333333333333,1269.9866666666667,73.31333333333333,585.3333333333334,0.8464666666666667,0.08,0.0
2021-09-13,2480.35,1845.0,1269.185,73.51,586.0,0.847,0.08,0.0
2021-09-14,2480.25,1864.91,1265.225,73.6,589.0,0.8457,0.08,0.0
2021-09-15,2499.88,1898.03,1246.75,75.46,596.0,0.8462,0.08,0.0
2021-09-16,2494.89,1913.42,1258.825,75.67,594.0,0.85,0.08,0.0
2021-09-17,2497.55,1935.88,1273.62,75.34,597.0,0.8519,0.08,0.0
2021-09-18,2496.05,1942.8266666666668,1273.5216666666665,74.86666666666667,598.3333333333334,0.8519666666666666,0.08,0.0
2021-09-19,2494.55,1949.7733333333333,1273.4233333333334,74.39333333333333,599.6666666666666,0.8520333333333333,0.08,0.0
2021-09-20,2493.05,1956.72,1273.325,73.92,601.0,0.8521,0.08,0.0
2021-09-21,2485.05,1984.34,1271.385,74.36,601.0,0.8534,0.08,0.0
2021-09-22,2502.31,1985.27,1279.49,76.19,605.0,0.8519,0.08,0.0
2021-09-23,2515.16,1997.13,1285.06,77.25,611.0,0.8521,0.08,0.0
2021-09-24,2542.43,2004.55,1282.205,78.09,619.0,0.854,0.08,0.0
2021-09-25,2547.5133333333333,2010.91,1279.9533333333334,78.57000000000001,624.3333333333334,0.8542,0.08,0.0
2021-09-26,2552.5966666666664,2017.27,1277.7016666666666,79.05,629.6666666666666,0.8544,0.08,0.0
2021-09-27,2557.68,2023.63,1275.45,79.53,635.0,0.8546,0.08,0.0
2021-09-28,2552.57,1993.91,1273.07,79.09,641.0,0.8562,0.08,0.0
2021-09-29,2555.24,1996.38,1289.5,78.64,635.0,0.8608,0.08,0.0
2021-09-30,2565.27,2005.64,1286.51,78.52,640.0,0.8628,0.06,0.0
2021-10-01,2568.62,2007.56,1286.805,79.28,638.0,0.8626,0.08,0.0
2021-10-02,2577.616666666667,2023.1166666666666,1287.7533333333333,79.94,645.6666666666666,0.8619666666666667,0.08,0.0
2021-10-03,2586.6133333333332,2038.6733333333334,1288.7016666666668,80.60000000000001,653.3333333333334,0.8613333333333334,0.08,0.0
2021-10-04,2595.61,2054.23,1289.65,81.26,661.0,0.8607,0.08,0.0
2021-10-05,2618.93,2118.03,1300.21,82.56,688.0,0.8614,0.08,0.0
2021-10-06,2601.59,2143.25,1291.66,81.08,691.0,0.8671,0.08,0.0
2021-10-07,2602.68,2179.25,1321.42,81.95,669.0,0.8646,0.08,0.0
2021-10-08,2808.53,2161.75,1322.185,82.39,681.0,0.8641,0.08,0.0
2021-10-09,2812.23,2161.0,1322.185,82.81,686.3333333333334,0.8641,0.08,0.0
2021-10-10,2815.9300000000003,2160.25,1322.185,83.23,691.6666666666666,0.8641,0.08,0.0
2021-10-11,2819.63,2159.5,1322.185,83.65,697.0,0.8641,0.08,0.0
2021-10-12,2812.05,2131.11,1318.825,83.42,699.0,0.8663,0.08,0.0
2021-10-13,2815.57,2143.25,1365.425,83.18,686.0,0.8642,0.08,0.0
2021-10-14,2819.75,2199.61,1367.165,84.0,696.0,0.8631,0.08,0.0
2021-10-15,2852.73,2165.72,1380.51,84.86,713.0,0.862,0.08,0.0
2021-10-16,2849.6,2156.1633333333334,1380.6166666666666,84.68333333333334,712.3333333333334,0.8619333333333333,0.08,0.0
2021-10-17,2846.4700000000003,2146.6066666666666,1380.7233333333334,84.50666666666666,711.6666666666666,0.8618666666666667,0.08,0.0
2021-10-18,2843.34,2137.05,1380.83,84.33,711.0,0.8618,0.08,0.0
2021-10-19,2839.29,2130.81,1384.685,85.08,704.0,0.8594,0.08,0.0
2021-10-20,2842.44,2190.22,1397.295,85.82,700.0,0.8588,0.08,0.0
2021-10-21,2825.04,2170.16,1432.235,84.61,696.0,0.8588,0.08,0.0
2021-10-22,2975.86,2191.69,1430.73,85.53,699.0,0.8597,0.08,0.0
2021-10-23,2979.9900000000002,2198.0033333333336,1433.8266666666666,85.68333333333334,699.6666666666666,0.8601666666666666,0.08,0.0
2021-10-24,2984.12,2204.3166666666666,1436.9233333333334,85.83666666666666,700.3333333333334,0.8606333333333334,0.08,0.0
2021-10-25,2988.25,2210.63,1440.02,85.99,701.0,0.8611,0.08,0.0
2021-10-26,2986.55,2131.56,1449.275,86.4,701.0,0.8625,0.08,0.0
2021-10-27,2969.49,2130.39,1437.015,84.58,697.0,0.8629,0.08,0.0
2021-10-28,2955.58,2140.47,1448.43,84.32,698.0,0.8561,0.08,0.0
2021-10-29,2959.19,2153.81,1433.86,84.38,685.0,0.8648,0.07,0.0
2021-10-30,2961.1266666666666,2165.596666666667,1434.9116666666666,84.49,687.6666666666666,0.8641666666666666,0.07333333333333333,0.0
2021-10-31,2963.0633333333335,2177.383333333333,1435.9633333333334,84.6,690.3333333333334,0.8635333333333334,0.07666666666666667,0.0
2021-11-01,2965.0,2189.17,1437.015,84.71,693.0,0.8629,0.08,0.0
2021-11-02,2963.33,2187.63,1436.35,84.72,691.0,0.8633,0.08,0.0
2021-11-03,2944.03,2169.81,1465.14,81.99,681.0,0.8634,0.08,0.0
2021-11-04,2948.84,2117.58,1460.74,80.54,675.0,0.866,0.08,0.0
2021-11-05,2960.21,2104.75,1444.415,82.74,676.0,0.8654,0.08,0.0
2021-11-06,2962.4666666666667,2101.8333333333335,1445.8666666666666,82.97,679.0,0.8645333333333333,0.08,0.0
2021-11-07,2964.7233333333334,2098.9166666666665,1447.3183333333334,83.2,682.0,0.8636666666666667,0.08,0.0
2021-11-08,2966.98,2096.0,1448.77,83.43,685.0,0.8628,0.08,0.0
2021-11-09,2974.3,2077.75,1447.095,84.78,686.0,0.8638,0.08,0.0
2021-11-10,2971.05,2074.75,1430.22,82.64,691.0,0.867,0.08,0.0
2021-11-11,2950.19,2065.5,1421.695,82.87,678.0,0.8722,0.08,0.0
2021-11-12,2967.85,2033.13,1431.025,82.17,659.0,0.8735,0.08,0.0
2021-11-13,2963.6066666666666,2035.88,1429.99,82.13,654.6666666666666,0.8741333333333333,0.08,0.0
2021-11-14,2959.3633333333332,2038.63,1428.9550000000002,82.09,650.3333333333334,0.8747666666666667,0.08,0.0
2021-11-15,2955.12,2041.38,1427.92,82.05,646.0,0.8754,0.08,0.0
2021-11-16,2970.6,2045.67,1417.555,82.43,653.0,0.8818,0.08,0.0
2021-11-17,2958.1,1999.13,1429.86,80.28,651.0,0.8847,0.08,0.0
2021-11-18,2954.26,2015.59,1435.545,81.24,656.0,0.8812,0.08,0.0
2021-11-19,2961.58,2021.84,1432.13,78.89,641.0,0.8833,0.08,0.0
2021-11-20,2967.3033333333333,2041.29,1429.6566666666668,79.16,638.6666666666666,0.8848333333333334,0.08,0.0
2021-11-21,2973.0266666666666,2060.74,1427.1833333333334,79.43,636.3333333333334,0.8863666666666666,0.08,0.0
2021-11-22,2978.75,2080.19,1424.71,79.7,634.0,0.8879,0.08,0.0
2021-11-23,2992.35,2080.25,1425.03,82.31,640.0,0.8877,0.08,0.0
2021-11-24,3001.19,2093.41,1432.89,82.25,651.0,0.8933,0.08,0.0
2021-11-25,2995.03,2086.72,1435.135,82.22,657.0,0.8919,0.08,0.0
2021-11-26,2904.6,2003.25,1448.455,72.72,614.0,0.8837,0.08,0.0
2021-11-27,2911.7633333333333,2009.86,1450.2533333333333,72.96,609.0,0.8849,0.08,0.0
2021-11-28,2918.9266666666667,2016.47,1452.0516666666665,73.2,604.0,0.8861,0.08,0.0
2021-11-29,2926.09,2023.08,1453.85,73.44,599.0,0.8873,0.08,0.0
2021-11-30,2898.03,1993.18,1454.01,70.57,575.0,0.8872,0.07,0.0
2021-12-01,2914.55,2008.43,1460.925,68.87,583.0,0.883,0.08,0.0
2021-12-02,2906.54,2001.04,1458.78,69.67,579.0,0.8843,0.08,0.0
2021-12-03,2916.25,2010.0,1456.145,69.88,590.0,0.8859,0.08,0.0
2021-12-04,2917.7833333333333,2006.4166666666667,1455.7066666666667,70.94666666666666,591.6666666666666,0.8861666666666667,0.08,0.0
2021-12-05,2919.3166666666666,2002.8333333333333,1455.2683333333332,72.01333333333334,593.3333333333334,0.8864333333333334,0.08,0.0
2021-12-06,2920.85,1999.25,1454.83,73.08,595.0,0.8867,0.08,0.0
2021-12-07,2950.38,2031.5,1472.57,75.44,611.0,0.8896,0.08,0.0
2021-12-08,2954.71,2035.5,1484.755,75.82,611.0,0.8823,0.08,0.0
2021-12-09,2955.52,2011.25,1466.935,74.42,615.0,0.8862,0.08,0.0
2021-12-10,2950.1,2006.25,1476.41,75.15,616.0,0.8839,0.08,0.0
2021-12-11,2951.003333333333,2007.0833333333333,1475.5216666666668,74.89666666666668,617.6666666666666,0.8844333333333333,0.08,0.0
2021-12-12,2951.9066666666668,2007.9166666666667,1474.6333333333332,74.64333333333333,619.3333333333334,0.8849666666666667,0.08,0.0
2021-12-13,2952.81,2008.75,1473.745,74.39,621.0,0.8855,0.08,0.0
2021-12-14,2945.77,2002.25,1470.92,73.7,615.0,0.8872,0.08,0.0
2021-12-15,2938.32,1995.37,1469.925,73.88,611.0,0.8878,0.08,0.0
2021-12-16,2957.25,2012.85,1480.895,75.02,621.0,0.8846,0.08,0.0
2021-12-17,2919.13,2001.33,1477.055,73.52,621.0,0.8869,0.08,0.0
2021-12-18,2906.4333333333334,1969.61,1481.99,72.85333333333332,612.6666666666666,0.8862,0.08,0.0
2021-12-19,2893.7366666666667,1937.89,1486.925,72.18666666666667,604.3333333333334,0.8855000000000001,0.08,0.0
2021-12-20,2881.04,1906.17,1491.86,71.52,596.0,0.8848,0.08,0.0
2021-12-21,2916.69,1939.07,1487.325,73.98,606.0,0.8875,0.08,0.0
2021-12-22,2927.01,1943.6,1473.59,75.29,623.0,0.8822,0.08,0.0
2021-12-23,2940.23,1920.8,1471.09,76.85,641.0,0.8837,0.08,0.0
2021-12-24,2886.18,1922.33,1485.26,76.14,641.0,0.8841,0.08,0.0
2021-12-25,2890.384,1924.21,1488.935,76.96,641.6666666666666,0.8837333333333334,0.08,0.0
2021-12-26,2894.5879999999997,1926.09,1492.61,77.78,642.3333333333334,0.8833666666666666,0.08,0.0
2021-12-27,2898.792,1927.97,1496.285,78.6,643.0,0.883,0.08,0.0
2021-12-28,2902.9959999999996,1929.85,1499.96,78.94,664.0,0.8839,0.08,0.0
2021-12-29,2907.2,1931.73,1503.635,79.23,660.0,0.8812,0.08,0.0
2021-12-30,2913.11,1905.52,1500.23,79.32,661.0,0.8832,0.08,0.0
2021-12-31,2837.3,1908.06,1500.06,77.78,661.0,0.8793,0.07,0.0
2022-01-01,2842.1000000000004,1908.635,1500.75125,78.18,661.6666666666666,0.8814,0.07333333333333333,0.0
2022-01-02,2846.9,1909.21,1501.4425,78.58,662.3333333333334,0.8835000000000001,0.07666666666666667,0.0
2022-01-03,2851.7,1909.7849999999999,1502.13375,78.98,663.0,0.8856,0.08,0.0
2022-01-04,2856.5,1910.36,1502.825,80.0,671.0,0.885,0.08,0.0
2022-01-05,2873.98,1920.25,1512.065,80.8,676.0,0.8829,0.08,0.0
2022-01-06,2884.28,1917.25,1508.815,81.99,698.0,0.8848,0.08,0.0
2022-01-07,2883.73,1943.58,1513.95,81.75,701.0,0.8818,0.08,0.0
2022-01-08,2882.92,1940.8866666666665,1513.3216666666667,81.45666666666666,701.6666666666666,0.8821666666666667,0.08,0.0
2022-01-09,2882.11,1938.1933333333334,1512.6933333333334,81.16333333333334,702.3333333333334,0.8825333333333334,0.08,0.0
2022-01-10,2881.3,1935.5,1512.065,80.87,703.0,0.8829,0.08,0.0
2022-01-11,2897.28,1936.75,1516.87,83.72,707.0,0.8801,0.08,0.0
2022-01-12,2913.26,1922.7,1536.44,84.67,728.0,0.8754,0.08,0.0
2022-01-13,2913.71,1915.92,1542.435,84.47,731.0,0.872,0.08,0.0
2022-01-14,2951.23,1907.88,1536.265,86.06,750.0,0.8755,0.08,0.0
2022-01-15,2955.5233333333335,1891.8433333333335,1535.6216666666667,86.2,751.3333333333334,0.8758666666666667,0.08,0.0
2022-01-16,2959.8166666666666,1875.8066666666666,1534.9783333333335,86.34,752.6666666666666,0.8762333333333333,0.08,0.0
2022-01-17,2964.11,1859.77,1534.335,86.48,754.0,0.8766,0.08,0.0
2022-01-18,2966.74,1837.19,1524.08,87.51,765.0,0.8825,0.08,0.0
2022-01-19,2977.46,1832.09,1526.505,88.44,770.0,0.8811,0.08,0.0
2022-01-20,2974.56,1853.41,1525.12,88.38,763.0,0.8819,0.08,0.0
2022-01-21,2969.53,1852.77,1525.46,87.89,749.0,0.8817,0.08,0.0
2022-01-22,2963.4300000000003,1849.4733333333334,1518.5383333333334,87.35,753.0,0.8824333333333334,0.08,0.0
2022-01-23,2957.33,1846.1766666666667,1511.6166666666666,86.81,757.0,0.8831666666666667,0.08,0.0
2022-01-24,2951.23,1842.88,1504.695,86.27,761.0,0.8839,0.08,0.0
2022-01-25,2960.51,1852.57,1500.28,88.2,760.0,0.8865,0.08,0.0
2022-01-26,2987.21,1821.09,1511.905,89.96,779.0,0.8863,0.08,0.0
2022-01-27,2987.66,1871.5,1494.37,89.34,783.0,0.8967,0.08,0.0
2022-01-28,3005.1,1863.69,1495.7,90.03,793.0,0.8959,0.08,0.0
2022-01-29,3002.7866666666664,1864.6366666666668,1497.4333333333334,90.42333333333333,796.6666666666666,0.8948666666666667,0.08,0.0
2022-01-30,3000.4733333333334,1865.5833333333333,1499.1666666666667,90.81666666666666,800.3333333333334,0.8938333333333334,0.08,0.0
2022-01-31,2998.16,1866.53,1500.9,91.21,804.0,0.8928,0.08,0.0
2022-02-01,3003.24,1899.3,1506.635,89.16,789.0,0.8894,0.08,0.0
2022-02-02,2999.67,1888.34,1502.485,89.47,795.0,0.8852,0.08,0.0
2022-02-03,3015.19,1881.0,1532.13,91.11,795.0,0.8746,0.08,0.0
2022-02-04,3045.52,1859.0,1544.8,93.27,830.0,0.8739,0.08,0.0
2022-02-05,3046.153333333333,1859.5833333333333,1544.0933333333332,93.07666666666667,831.0,0.8743,0.08,0.0
2022-02-06,3046.786666666667,1860.1666666666667,1543.3866666666668,92.88333333333333,832.0,0.8747,0.08,0.0
2022-02-07,3047.42,1860.75,1542.68,92.69,833.0,0.8751,0.08,0.0
2022-02-08,3010.59,1793.92,1541.45,90.78,816.0,0.8758,0.08,0.0
2022-02-09,3026.57,1822.83,1543.915,91.55,796.0,0.8744,0.08,0.0
2022-02-10,3034.84,1896.64,1539.345,91.41,809.0,0.8705,0.08,0.0
2022-02-11,3040.38,1901.75,1539.685,94.44,817.0,0.8768,0.08,0.0
2022-02-12,3044.3,1894.5366666666666,1535.1033333333332,95.12,821.0,0.8794333333333334,0.08,0.0
2022-02-13,3048.22,1887.3233333333333,1530.5216666666668,95.8,825.0,0.8820666666666667,0.08,0.0
2022-02-14,3052.14,1880.11,1525.94,96.48,829.0,0.8847,0.08,0.0
2022-02-15,3027.79,1887.13,1533.915,93.28,828.0,0.8801,0.08,0.0
2022-02-16,3047.2,1915.55,1540.475,94.81,830.0,0.8796,0.08,0.0
2022-02-17,3016.69,1949.88,1540.125,92.97,810.0,0.8798,0.08,0.0
2022-02-18,3069.43,1943.73,1529.915,93.54,791.0,0.8824,0.08,0.0
2022-02-19,3073.2766666666666,1947.28,1530.1466666666665,94.15666666666667,799.3333333333334,0.8822666666666666,0.08,0.0
2022-02-20,3077.123333333333,1950.8300000000002,1530.3783333333333,94.77333333333334,807.6666666666666,0.8821333333333333,0.08,0.0
2022-02-21,3080.97,1954.38,1530.61,95.39,816.0,0.882,0.08,0.0
2022-02-22,3091.37,1963.98,1542.3,96.84,835.0,0.8818,0.08,0.0
2022-02-23,3087.29,2021.47,1538.465,96.84,831.0,0.884,0.08,0.0
2022-02-24,3146.37,2072.25,1514.98,99.08,880.0,0.8977,0.08,0.0
2022-02-25,3088.07,2053.44,1588.555,97.93,834.0,0.8876,0.08,0.0
2022-02-26,3102.0733333333333,2068.0333333333333,1586.8300000000002,98.95,846.3333333333334,0.8885666666666666,0.08,0.0
2022-02-27,3116.076666666667,2082.6266666666666,1585.105,99.97,858.6666666666666,0.8895333333333333,0.08,0.0
2022-02-28,3130.08,2097.22,1583.38,100.99,871.0,0.8905,0.08,0.0
2022-03-01,3210.79,2134.22,1611.645,104.97,931.0,0.8997,0.08,0.0
2022-03-02,3290.87,2108.14,1647.255,112.93,1026.0,0.9015,0.08,0.0
2022-03-03,3338.12,2086.75,1657.64,110.46,1096.0,0.9049,0.08,0.0
2022-03-04,3346.6,2041.0,1620.825,118.11,1126.0,0.9162,0.08,0.0
2022-03-05,3381.99,2073.6666666666665,1618.1266666666668,119.81,1183.6666666666667,0.9177333333333333,0.08,0.0
2022-03-06,3417.38,2106.3333333333335,1615.4283333333333,121.50999999999999,1241.3333333333333,0.9192666666666667,0.08,0.0
2022-03-07,3452.77,2139.0,1612.73,123.21,1299.0,0.9208,0.08,0.0
2022-03-08,3592.25,2127.75,1644.345,127.98,1371.0,0.9183,0.08,0.0
2022-03-09,3430.83,1978.75,1672.945,111.14,1221.0,0.9026,0.08,0.0
2022-03-10,3242.06,1949.5,1661.53,109.33,1161.0,0.9088,0.08,0.0
2022-03-11,3275.82,2040.33,1729.8,112.67,1036.0,0.9134,0.08,0.0
2022-03-12,3258.4866666666667,2050.97,1731.7,110.74666666666667,1026.0,0.9124,0.08,0.0
2022-03-13,3241.1533333333336,2061.61,1733.6,108.82333333333334,1016.0,0.9114,0.08,0.0
2022-03-14,3223.82,2072.25,1735.5,106.9,1006.0,0.9104,0.08,0.0
2022-03-15,3157.25,2136.3,1729.99,99.91,913.0,0.9133,0.08,0.0
2022-03-16,3171.31,2137.2,1738.75,98.02,927.0,0.9087,0.08,0.0
2022-03-17,3311.49,2194.92,1744.835,106.64,1051.0,0.8998,0.33,0.0
2022-03-18,3318.18,2149.85,1780.97,107.93,1070.0,0.904,0.33,0.0
2022-03-19,3350.0366666666664,2169.673333333333,1789.2566666666667,110.49333333333334,1108.0,0.9044666666666666,0.33,0.0
2022-03-20,3381.8933333333334,2189.496666666667,1797.5433333333333,113.05666666666667,1146.0,0.9049333333333334,0.33,0.0
2022-03-21,3413.75,2209.32,1805.83,115.62,1184.0,0.9054,0.33,0.0
2022-03-22,3418.94,2214.11,1800.66,115.48,1186.0,0.908,0.33,0.0
2022-03-23,3480.5,2195.93,1798.88,121.6,1205.0,0.9089,0.33,0.0
2022-03-24,3469.74,2186.0,1798.68,119.03,1265.0,0.909,0.33,0.0
2022-03-25,3433.18,2152.25,1796.505,120.65,1256.0,0.9101,0.33,0.0
2022-03-26,3409.2166666666667,2130.13,1795.7816666666668,117.92666666666668,1221.0,0.9104666666666666,0.33,0.0
2022-03-27,3385.253333333333,2108.0099999999998,1795.0583333333334,115.20333333333333,1186.0,0.9108333333333334,0.33,0.0
2022-03-28,3361.29,2085.89,1794.335,112.48,1151.0,0.9112,0.33,0.0
2022-03-29,3295.2,2049.89,1803.75,110.23,1131.0,0.9009,0.33,0.0
2022-03-30,3318.73,2096.61,1841.52,113.45,1121.0,0.896,0.33,0.0
2022-03-31,3283.73,2104.3,1832.925,107.91,1088.0,0.9002,0.33,0.0
2022-04-01,3280.65,2149.21,1829.47,104.39,1103.0,0.906,0.33,0.0
2022-04-02,3295.9700000000003,2151.6833333333334,1826.99,105.43666666666667,1120.3333333333333,0.9072333333333333,0.33,0.0
2022-04-03,3311.29,2154.1566666666668,1824.51,106.48333333333333,1137.6666666666667,0.9084666666666666,0.33,0.0
2022-04-04,3326.61,2156.63,1822.03,107.53,1155.0,0.9097,0.33,0.0
2022-04-05,3281.51,2145.0,1811.275,106.64,1166.0,0.9151,0.33,0.0
2022-04-06,3263.09,2168.0,1807.92,101.07,1130.0,0.9168,0.33,0.0
2022-04-07,3193.76,2158.0,1807.33,100.58,1045.0,0.9171,0.33,0.0
2022-04-08,3207.84,2235.25,1802.805,102.78,1040.0,0.9194,0.33,0.0
2022-04-09,3206.1266666666666,2230.1666666666665,1803.3283333333334,101.34666666666666,1047.0,0.9191333333333334,0.33,0.0
2022-04-10,3204.4133333333334,2225.0833333333335,1803.8516666666667,99.91333333333334,1054.0,0.9188666666666666,0.33,0.0
2022-04-11,3202.7,2220.0,1804.375,98.48,1061.0,0.9186,0.33,0.0
2022-04-12,3257.41,2275.5,1814.43,104.64,1139.0,0.9204,0.33,0.0
2022-04-13,3285.3,2281.25,1818.085,108.78,1181.0,0.9213,0.33,0.0
2022-04-14,3273.1,2369.33,1827.805,111.7,1256.0,0.9253,0.33,0.0
2022-04-15,3267.374,2371.378,1824.938,112.065,1261.0,0.92552,0.33,0.0
2022-04-16,3261.6479999999997,2373.426,1822.0710000000001,112.43,1265.6666666666667,0.92574,0.33,0.0
2022-04-17,3255.922,2375.474,1819.204,112.795,1270.3333333333333,0.92596,0.33,0.0
2022-04-18,3250.196,2377.522,1816.337,113.16,1275.0,0.92618,0.33,0.0
2022-04-19,3244.47,2379.57,1813.47,107.25,1286.0,0.9264,0.33,0.0
2022-04-20,3267.5,2425.83,1834.76,106.8,1298.0,0.9211,0.33,0.0
2022-04-21,3248.45,2419.25,1845.82,108.33,1315.0,0.921,0.33,0.0
2022-04-22,3263.2,2399.98,1832.49,106.65,1280.0,0.9277,0.33,0.0
2022-04-23,3243.383333333333,2391.02,1843.11,105.20666666666666,1261.0,0.9295666666666667,0.33,0.0
2022-04-24,3223.5666666666666,2382.06,1853.73,103.76333333333334,1242.0,0.9314333333333333,0.33,0.0
2022-04-25,3203.75,2373.1,1864.35,102.32,1223.0,0.9333,0.33,0.0
2022-04-26,3265.99,2373.06,1864.875,104.99,1216.0,0.9384,0.33,0.0
2022-04-27,3303.85,2408.0,1860.24,105.32,1257.0,0.9488,0.33,0.0
2022-04-28,3325.34,2295.34,1857.31,107.59,1271.0,0.9503,0.33,0.0
2022-04-29,3305.8,2276.69,1860.05,109.34,1325.0,0.9489,0.33,0.0
2022-04-30,3295.0,2264.5525,1860.245,108.75333333333333,1320.3333333333333,0.9498666666666666,0.33,0.0
2022-05-01,3284.2,2252.415,1860.44,108.16666666666667,1315.6666666666667,0.9508333333333333,0.33,0.0
2022-05-02,3273.4,2240.2775,1860.635,107.58,1311.0,0.9518,0.33,0.0
2022-05-03,3262.6,2228.14,1860.83,104.97,1315.0,0.9485,0.33,0.0
2022-05-04,3271.34,2291.88,1880.215,110.14,1264.0,0.9467,0.33,0.0
2022-05-05,3271.74,2270.25,1880.45,110.9,1229.0,0.9519,0.83,0.0
2022-05-06,3205.75,2263.0,1896.385,112.39,1226.0,0.9439,0.83,0.0
2022-05-07,3185.71,2261.1666666666665,1898.0566666666666,110.24,1196.3333333333333,0.9457,0.83,0.0
2022-05-08,3165.67,2259.3333333333335,1899.7283333333335,108.09,1166.6666666666667,0.9475,0.83,0.0
2022-05-09,3145.63,2257.5,1901.4,105.94,1137.0,0.9493,0.83,0.0
2022-05-10,3149.15,2310.75,1901.2,102.46,1101.0,0.9494,0.83,0.0
2022-05-11,3200.6,2408.25,1913.55,107.51,1139.0,0.9485,0.83,0.0
2022-05-12,3163.23,2313.75,1890.035,107.45,1091.0,0.9603,0.83,0.0
2022-05-13,3196.74,2339.68,1889.245,111.55,1140.0,0.9607,0.83,0.0
2022-05-14,3191.4366666666665,2323.12,1888.9183333333333,112.44666666666666,1133.0,0.9608666666666666,0.83,0.0
2022-05-15,3186.133333333333,2306.56,1888.5916666666667,113.34333333333333,1126.0,0.9610333333333334,0.83,0.0
2022-05-16,3180.83,2290.0,1888.265,114.24,1119.0,0.9612,0.83,0.0
2022-05-17,3175.69,2280.25,1938.065,111.93,1147.0,0.9494,0.83,0.0
2022-05-18,3127.48,2265.75,1957.185,109.11,1114.0,0.9529,0.83,0.0
2022-05-19,3123.76,2277.32,1974.59,112.04,1051.0,0.9445,0.83,0.0
2022-05-20,3146.32,2298.14,1956.955,112.55,1099.0,0.9479,0.83,0.0
2022-05-21,3146.5866666666666,2301.72,1967.1716666666666,112.84,1097.6666666666667,0.9438666666666666,0.83,0.0
2022-05-22,3146.8533333333335,2305.3,1977.3883333333333,113.13,1096.3333333333333,0.9398333333333333,0.83,0.0
2022-05-23,3147.12,2308.88,1987.605,113.42,1095.0,0.9358,0.83,0.0
2022-05-24,3166.09,2326.39,1995.705,113.56,1111.0,0.932,0.83,0.0
2022-05-25,3177.95,2315.34,1975.44,114.03,1130.0,0.9365,0.83,0.0
2022-05-26,3226.92,2342.54,1984.555,117.4,1161.0,0.9322,0.83,0.0
2022-05-27,3324.5,2349.78,1998.07,119.43,1181.0,0.9334,0.83,0.0
2022-05-28,3333.0866666666666,2356.04,2002.3066666666666,120.17666666666668,1191.6666666666667,0.9314333333333333,0.83,0.0
2022-05-29,3341.6733333333336,2362.3,2006.5433333333333,120.92333333333333,1202.3333333333333,0.9294666666666667,0.83,0.0
2022-05-30,3350.26,2368.56,2010.78,121.67,1213.0,0.9275,0.83,0.0
2022-05-31,3397.84,2367.48,2006.225,122.84,1280.0,0.9321,0.83,0.0
2022-06-01,3416.04,2513.03,1992.115,116.29,1261.0,0.9387,0.83,0.0
2022-06-02,3429.306,2514.608,1993.6490000000001,117.61,1240.0,0.9322,0.83,0.0
2022-06-03,3442.572,2516.186,1995.183,119.72,1329.0,0.933,0.83,0.0
2022-06-04,3455.8379999999997,2517.764,1996.717,119.65,1325.3333333333333,0.9337000000000001,0.83,0.0
2022-06-05,3469.104,2519.342,1998.251,119.58,1321.6666666666667,0.9344,0.83,0.0
2022-06-06,3482.37,2520.92,1999.785,119.51,1318.0,0.9351,0.83,0.0
2022-06-07,3465.3,2489.75,2016.045,120.57,1341.0,0.935,0.83,0.0
2022-06-08,3466.39,2469.08,2024.05,123.58,1321.0,0.9313,0.83,0.0
2022-06-09,3506.47,2439.75,2009.595,123.07,1316.0,0.938,0.83,0.0
2022-06-10,3523.18,2405.08,1994.11,122.01,1331.0,0.9503,0.83,0.0
2022-06-11,3518.1266666666666,2395.4133333333334,1990.0249999999999,122.09666666666666,1325.6666666666667,0.9531000000000001,0.83,0.0
2022-06-12,3513.0733333333333,2385.7466666666664,1985.94,122.18333333333334,1320.3333333333333,0.9559,0.83,0.0
2022-06-13,3508.02,2376.08,1981.855,122.27,1315.0,0.9587,0.83,0.0
2022-06-14,3537.83,2383.6,1979.58,121.17,1301.0,0.9598,0.83,0.0
2022-06-15,3571.49,2451.34,1976.49,118.51,1339.0,0.9613,0.83,0.0
2022-06-16,3534.59,2382.28,1996.425,119.81,1346.0,0.9517,1.58,0.0
2022-06-17,3537.5,2279.38,1988.07,113.12,1343.0,0.9557,1.58,0.0
2022-06-18,3544.3433333333332,2279.03,1985.3083333333334,113.45666666666666,1341.0,0.9536666666666667,1.58,0.0
2022-06-19,3551.186666666667,2278.68,1982.5466666666666,113.79333333333334,1339.0,0.9516333333333333,1.58,0.0
2022-06-20,3558.03,2278.33,1979.785,114.13,1337.0,0.9496,1.58,0.0
2022-06-21,3560.25,2304.13,1931.6,114.65,1359.0,0.9474,1.58,0.0
2022-06-22,3518.33,2200.44,1906.98,111.74,1306.0,0.9439,1.58,0.0
2022-06-23,3520.98,2117.88,1892.745,110.05,1329.0,0.951,1.58,0.0
2022-06-24,3517.7,2101.69,1898.735,113.12,1331.0,0.948,1.58,0.0
2022-06-25,3504.0,2095.71,1884.745,113.77666666666667,1325.6666666666667,0.9461666666666666,1.58,0.0
2022-06-26,3490.2999999999997,2089.73,1870.755,114.43333333333334,1320.3333333333333,0.9443333333333334,1.58,0.0
2022-06-27,3476.6,2083.75,1856.765,115.09,1315.0,0.9425,1.58,0.0
2022-06-28,3431.1,2091.75,1815.6,117.98,1291.0,0.9501,1.58,0.0
2022-06-29,3432.87,2138.38,1779.915,116.26,1251.0,0.9551,1.58,0.0
2022-06-30,3359.6,2120.75,1766.675,114.81,1236.0,0.9566,1.58,0.0
2022-07-01,3395.49,2172.56,1742.25,111.63,1245.0,0.9614,1.58,0.0
2022-07-02,3396.543333333333,2173.5299999999997,1738.55,112.25333333333333,1242.0,0.9605666666666667,1.58,0.0
2022-07-03,3397.596666666667,2174.5,1734.8500000000001,112.87666666666667,1239.0,0.9597333333333333,1.58,0.0
2022-07-04,3398.65,2175.47,1731.15,113.5,1236.0,0.9589,1.58,0.0
2022-07-05,3297.39,2012.0,1639.175,102.77,1231.0,0.9761,1.58,0.0
2022-07-06,3218.3,1974.0,1608.47,100.69,1140.0,0.9823,1.58,0.0
2022-07-07,3274.37,1976.46,1606.505,104.65,1068.0,0.9835,1.58,0.0
2022-07-08,3150.14,1986.0,1608.14,107.02,1141.0,0.9825,1.58,0.0
2022-07-09,3163.23,2010.81,1603.1133333333335,107.04666666666667,1148.3333333333333,0.9856,1.58,0.0
2022-07-10,3176.3199999999997,2035.62,1598.0866666666666,107.07333333333332,1155.6666666666667,0.9887,1.58,0.0
2022-07-11,3189.41,2060.43,1593.06,107.1,1163.0,0.9918,1.58,0.0
2022-07-12,3150.68,2029.0,1590.175,99.49,1144.0,0.9936,1.58,0.0
2022-07-13,3173.97,2050.5,1589.305,99.57,1139.0,0.991,1.58,0.0
2022-07-14,3141.17,2040.22,1576.895,99.1,1099.0,0.9988,1.58,0.0
2022-07-15,3149.47,2093.38,1589.305,101.16,1140.0,0.991,1.58,0.0
2022-07-16,3150.2233333333334,2100.61,1593.3983333333333,102.86333333333333,1142.0,0.9884666666666667,1.58,0.0
2022-07-17,3150.9766666666665,2107.84,1597.4916666666668,104.56666666666666,1144.0,0.9859333333333333,1.58,0.0
2022-07-18,3151.73,2115.07,1601.585,106.27,1146.0,0.9834,1.58,0.0
2022-07-19,3100.85,2083.5,1622.98,107.35,1093.0,0.9766,1.58,0.0
2022-07-20,3103.35,2130.61,1607.14,106.92,1105.0,0.98,1.58,0.0
2022-07-21,3053.24,2114.56,1604.525,103.86,1061.0,0.9816,1.58,0.0
2022-07-22,3120.16,2157.66,1610.1,103.2,1086.0,0.9782,1.58,0.0
2022-07-23,3115.0933333333332,2161.3166666666666,1609.4983333333332,103.85000000000001,1077.0,0.9785666666666666,1.58,0.0
2022-07-24,3110.0266666666666,2164.9733333333334,1608.8966666666668,104.5,1068.0,0.9789333333333333,1.58,0.0
2022-07-25,3104.96,2168.63,1608.295,105.15,1059.0,0.9793,1.58,0.0
2022-07-26,3119.58,2177.13,1584.81,104.4,1061.0,0.9875,1.58,0.0
2022-07-27,3152.08,2132.13,1570.415,106.62,1099.0,0.987,1.58,0.0
2022-07-28,3154.63,2134.48,1575.04,107.14,1127.0,0.9841,2.33,0.0
2022-07-29,3159.05,2183.56,1580.99,110.01,1114.0,0.9804,2.32,0.0
2022-07-30,3131.2233333333334,2161.2066666666665,1588.2033333333334,106.68333333333334,1096.3333333333333,0.9780666666666668,2.3233333333333333,0.0
2022-07-31,3103.396666666667,2138.8533333333335,1595.4166666666667,103.35666666666667,1078.6666666666667,0.9757333333333333,2.3266666666666667,0.0
2022-08-01,3075.57,2116.5,1602.63,100.03,1061.0,0.9734,2.33,0.0
2022-08-02,3058.85,2101.07,1590.7,100.54,1029.0,0.9807,2.33,0.0
2022-08-03,3075.89,2086.8,1581.35,96.78,1025.0,0.9865,2.33,0.0
2022-08-04,3046.86,2187.5,1606.135,94.12,1049.0,0.9775,2.33,0.0
2022-08-05,3033.05,2237.25,1594.555,94.92,995.0,0.9846,2.33,0.0
2022-08-06,3021.7633333333333,2226.8333333333335,1604.6833333333334,95.49666666666667,983.3333333333334,0.9825666666666667,2.33,0.0
2022-08-07,3010.476666666667,2216.4166666666665,1614.8116666666667,96.07333333333334,971.6666666666666,0.9805333333333334,2.33,0.0
2022-08-08,2999.19,2206.0,1624.94,96.65,960.0,0.9785,2.33,0.0
2022-08-09,3042.26,2310.75,1605.81,96.31,1001.0,0.9777,2.33,0.0
2022-08-10,3040.36,2303.0,1625.095,97.4,986.0,0.9661,2.33,0.0
2022-08-11,3079.09,2338.75,1631.555,99.6,1037.0,0.9684,2.33,0.0
2022-08-12,3177.22,2345.25,1630.265,98.15,1051.0,0.9753,2.33,0.0
2022-08-13,3168.483333333333,2343.85,1626.5033333333333,97.13333333333334,1039.3333333333333,0.9775666666666666,2.33,0.0
2022-08-14,3159.746666666667,2342.4500000000003,1622.7416666666668,96.11666666666666,1027.6666666666667,0.9798333333333333,2.33,0.0
2022-08-15,3151.01,2341.05,1618.98,95.1,1016.0,0.9821,2.33,0.0
2022-08-16,3145.68,2334.7,1617.99,92.34,1037.0,0.9827,2.33,0.0
2022-08-17,3170.13,2357.27,1617.005,93.65,1036.0,0.9833,2.33,0.0
2022-08-18,3204.6,2305.52,1611.76,96.59,1079.0,0.9865,2.33,0.0
2022-08-19,3096.15,2317.83,1596.39,96.72,1060.0,0.996,2.33,0.0
2022-08-20,3099.26,2320.7033333333334,1588.4116666666666,96.64,1073.6666666666667,0.9989333333333333,2.33,0.0
2022-08-21,3102.37,2323.5766666666664,1580.4333333333334,96.56,1087.3333333333333,1.0018666666666667,2.33,0.0
2022-08-22,3105.48,2326.45,1572.455,96.48,1101.0,1.0048,2.33,0.0
2022-08-23,3130.0,2339.08,1579.685,100.22,1124.0,1.0002,2.33,0.0
2022-08-24,3179.89,2385.13,1576.53,101.22,1156.0,1.0022,2.33,0.0
2022-08-25,3182.12,2387.19,1569.665,99.34,1199.0,1.0034,2.33,0.0
2022-08-26,3197.29,2401.19,1574.215,100.99,1191.0,1.0005,2.33,0.0
2022-08-27,3177.23,2329.55,1575.08125,102.35666666666667,1183.6666666666667,1.0006666666666666,2.33,0.0
2022-08-28,3157.17,2257.91,1575.9475,103.72333333333333,1176.3333333333333,1.0008333333333332,2.33,0.0
2022-08-29,3137.11,2186.27,1576.81375,105.09,1169.0,1.001,2.33,0.0
2022-08-30,3117.05,2114.63,1577.68,99.31,1157.0,0.9983,2.33,0.0
2022-08-31,3092.66,2092.11,1561.085,96.49,1111.0,0.9929,2.33,0.0
2022-09-01,3038.37,2019.5,1530.51,92.36,1034.0,1.0062,2.33,0.0
2022-09-02,3072.77,2001.25,1544.945,93.02,1060.0,0.9968,2.33,0.0
2022-09-03,3087.7566666666667,1991.75,1539.2233333333334,93.92666666666666,1078.6666666666667,1.0005333333333333,2.33,0.0
2022-09-04,3102.7433333333333,1982.25,1533.5016666666666,94.83333333333333,1097.3333333333333,1.0042666666666666,2.33,0.0
2022-09-05,3117.73,1972.75,1527.78,95.74,1116.0,1.008,2.33,0.0
2022-09-06,3058.41,1894.5,1471.025,92.83,1080.0,1.0095,2.33,0.0
2022-09-07,3074.12,1863.5,1467.805,88.0,1069.0,1.0049,2.33,0.0
2022-09-08,3047.85,1839.25,1470.295,89.15,1041.0,1.0032,2.33,0.0
2022-09-09,3045.5,1904.75,1445.78,92.84,1051.0,0.996,2.33,0.0
2022-09-10,3057.326666666667,1917.3333333333333,1450.125,93.22666666666667,1057.0,0.9930333333333333,2.33,0.0
2022-09-11,3069.153333333333,1929.9166666666667,1454.47,93.61333333333333,1063.0,0.9900666666666667,2.33,0.0
2022-09-12,3080.98,1942.5,1458.815,94.0,1069.0,0.9871,2.33,0.0
2022-09-13,3043.07,1907.5,1400.84,93.17,1059.0,0.9994,2.33,0.0
2022-09-14,2969.96,1845.02,1400.0,94.1,1001.0,1.0,2.33,0.0
2022-09-15,2894.95,1830.78,1399.3,90.84,953.0,1.0005,2.33,0.0
2022-09-16,2924.53,1934.75,1403.09,91.35,939.0,0.9978,2.33,0.0
2022-09-17,2929.6825,1944.09,1401.93375,91.56666666666666,936.0,0.9982,2.33,0.0
2022-09-18,2934.835,1953.4299999999998,1400.7775,91.78333333333333,933.0,0.9986,2.33,0.0
2022-09-19,2939.9875,1962.77,1399.62125,92.0,930.0,0.999,2.33,0.0
2022-09-20,2945.14,1972.11,1398.465,90.62,983.0,1.0011,2.33,0.0
2022-09-21,2931.99,1954.97,1367.495,89.83,976.0,1.0128,2.33,0.0
2022-09-22,2969.06,1934.69,1340.075,90.46,981.0,1.0186,3.08,0.0
2022-09-23,2919.57,1893.5,1307.73,86.15,943.0,1.0285,3.08,0.0
2022-09-24,2908.7133333333336,1873.48,1301.1083333333333,85.45333333333333,940.6666666666666,1.0312,3.08,0.0
2022-09-25,2897.8566666666666,1853.46,1294.4866666666667,84.75666666666667,938.3333333333334,1.0339,3.08,0.0
2022-09-26,2887.0,1833.44,1287.865,84.06,936.0,1.0366,3.08,0.0
2022-09-27,2915.17,1856.11,1271.84,86.27,928.0,1.0418,3.08,0.0
2022-09-28,2953.2,1852.05,1268.08,89.32,948.0,1.037,3.08,0.0
2022-09-29,2953.48,1859.81,1279.545,88.49,964.0,1.0238,3.08,0.0
2022-09-30,2889.66,1874.74,1284.565,87.96,923.0,1.0198,3.08,0.0
2022-10-01,2900.56,1890.3566666666666,1281.0366666666666,88.25999999999999,930.0,1.0187,3.08,0.0
2022-10-02,2911.46,1905.9733333333334,1277.5083333333334,88.56,937.0,1.0176,3.08,0.0
2022-10-03,2922.36,1921.59,1273.98,88.86,944.0,1.0165,3.08,0.0
2022-10-04,2970.88,1976.38,1280.645,91.8,978.0,1.0034,3.08,0.0
2022-10-05,3032.76,1743.5,1266.88,93.37,1007.0,1.0143,3.08,0.0
2022-10-06,3048.2,1879.42,1262.9,94.42,1034.0,1.0175,3.08,0.0
2022-10-07,3046.39,1950.25,1256.23,97.92,1090.0,1.0229,3.08,0.0
2022-10-08,3038.8066666666664,1943.25,1252.74,97.34333333333333,1102.3333333333333,1.0257666666666667,3.08,0.0
2022-10-09,3031.2233333333334,1936.25,1249.25,96.76666666666667,1114.6666666666667,1.0286333333333333,3.08,0.0
2022-10-10,3023.64,1929.25,1245.76,96.19,1127.0,1.0315,3.08,0.0
2022-10-11,2932.37,1917.0,1225.085,94.29,1037.0,1.0285,3.08,0.0
2022-10-12,2988.97,1897.25,1212.65,92.45,1066.0,1.0308,3.08,0.0
2022-10-13,2998.75,1961.27,1210.82,94.57,1065.0,1.0241,3.08,0.0
2022-10-14,2898.37,1927.78,1208.46,91.63,1069.0,1.0261,3.08,0.0
2022-10-15,2905.72,1933.9,1201.375,91.62666666666667,1072.3333333333333,1.0238,3.08,0.0
2022-10-16,2913.07,1940.02,1194.29,91.62333333333333,1075.6666666666667,1.0215,3.08,0.0
2022-10-17,2920.42,1946.14,1187.205,91.62,1079.0,1.0192,3.08,0.0
2022-10-18,2904.97,1917.45,1188.72,90.03,1094.0,1.0179,3.08,0.0
2022-10-19,2870.74,1909.78,1173.94,92.41,1046.0,1.0222,3.08,0.0
2022-10-20,2864.81,1915.56,1179.705,92.38,1055.0,1.0172,3.08,0.0
2022-10-21,2843.35,1896.08,1176.935,93.5,1031.0,1.0196,3.08,0.0
2022-10-22,2852.89,1894.8866666666665,1179.92,93.42,1030.6666666666667,1.0170333333333335,3.08,0.0
2022-10-23,2862.43,1893.6933333333334,1182.905,93.34,1030.3333333333333,1.0144666666666666,3.08,0.0
2022-10-24,2871.97,1892.5,1185.89,93.26,1030.0,1.0119,3.08,0.0
2022-10-25,2857.04,1875.39,1187.03,93.52,1034.0,1.0025,3.08,0.0
2022-10-26,2881.9,1901.66,1198.025,95.69,1040.0,0.9933,3.08,0.0
2022-10-27,2881.75,1854.03,1190.835,96.96,1041.0,0.9993,3.08,0.0
2022-10-28,2817.44,1890.58,1198.17,95.77,1039.0,1.0057,3.08,0.0
2022-10-29,2807.5433333333335,1873.6666666666665,1195.9583333333335,95.45666666666666,1033.0,1.0075666666666667,3.08,0.0
2022-10-30,2797.6466666666665,1856.7533333333333,1193.7466666666667,95.14333333333333,1027.0,1.0094333333333334,3.08,0.0
2022-10-31,2787.75,1839.84,1191.535,94.83,1021.0,1.0113,3.08,0.0
2022-11-01,2751.93,1794.28,1194.355,94.65,996.0,1.0131,3.08,0.0
2022-11-02,2766.12,1764.88,1208.325,96.16,999.0,1.0138,3.08,0.0
2022-11-03,2806.88,1785.0,1185.83,94.67,1000.0,1.0246,3.83,0.0
2022-11-04,2824.21,1763.5,1194.485,98.57,1039.0,1.0088,3.83,0.0
2022-11-05,2821.8633333333332,1748.3333333333333,1197.9099999999999,98.35333333333332,1035.6666666666667,1.0059333333333333,3.83,0.0
2022-11-06,2819.516666666667,1733.1666666666667,1201.335,98.13666666666667,1032.3333333333333,1.0030666666666666,3.83,0.0
2022-11-07,2817.17,1718.0,1204.76,97.92,1029.0,1.0002,3.83,0.0
2022-11-08,2802.82,1763.75,1214.47,95.36,1001.0,0.9922,3.83,0.0
2022-11-09,2758.67,1723.0,1210.935,92.65,983.0,0.9951,3.83,0.0
2022-11-10,2733.21,1724.5,1224.84,93.67,947.0,0.9838,3.83,0.0
2022-11-11,2736.73,1707.75,1249.745,95.99,976.0,0.9682,3.83,0.0
2022-11-12,2737.9733333333334,1703.8966666666668,1250.0449999999998,95.03999999999999,969.3333333333334,0.9679666666666666,3.83,0.0
2022-11-13,2739.2166666666667,1700.0433333333333,1250.345,94.09,962.6666666666666,0.9677333333333333,3.83,0.0
2022-11-14,2740.46,1696.19,1250.645,93.14,956.0,0.9675,3.83,0.0
2022-11-15,2738.18,1689.09,1257.015,93.86,937.0,0.9626,3.83,0.0
2022-11-16,2738.53,1678.41,1258.71,92.86,951.0,0.9613,3.83,0.0
2022-11-17,2699.15,1662.06,1264.71,89.78,936.0,0.9686,3.83,0.0
2022-11-18,2661.47,1648.94,1269.43,87.62,926.0,0.965,3.83,0.0
2022-11-19,2650.6133333333332,1637.13,1264.6616666666666,87.56333333333333,922.3333333333334,0.9686666666666667,3.83,0.0
2022-11-20,2639.7566666666667,1625.32,1259.8933333333334,87.50666666666667,918.6666666666666,0.9723333333333333,3.83,0.0
2022-11-21,2628.9,1613.51,1255.125,87.45,915.0,0.976,3.83,0.0
2022-11-22,2660.51,1631.06,1248.46,88.36,899.0,0.9732,3.83,0.0
2022-11-23,2639.86,1623.75,1259.46,85.41,898.0,0.9647,3.83,0.0
2022-11-24,2635.4,1633.88,1264.175,85.34,875.0,0.9611,3.83,0.0
2022-11-25,2630.75,1632.34,1263.39,83.63,881.0,0.9617,3.83,0.0
2022-11-26,2620.786666666667,1631.8933333333332,1262.8200000000002,83.48333333333333,873.6666666666666,0.9621333333333333,3.83,0.0
2022-11-27,2610.8233333333333,1631.4466666666667,1262.25,83.33666666666666,866.3333333333334,0.9625666666666667,3.83,0.0
2022-11-28,2600.86,1631.0,1261.68,83.19,859.0,0.963,3.83,0.0
2022-11-29,2610.73,1640.11,1256.33,83.03,851.0,0.9671,3.83,0.0
2022-11-30,2651.73,1677.95,1237.495,85.43,879.0,0.9697,3.83,0.0
2022-12-01,2673.4,1687.96,1259.58,86.88,895.0,0.9527,3.83,0.0
2022-12-02,2774.34,1643.46,1258.255,85.57,890.0,0.9537,3.83,0.0
2022-12-03,2765.056666666667,1634.89,1262.6850000000002,84.60666666666667,892.3333333333334,0.953,3.83,0.0
2022-12-04,2755.773333333333,1626.32,1267.115,83.64333333333333,894.6666666666666,0.9523,3.83,0.0
2022-12-05,2746.49,1617.75,1271.545,82.68,897.0,0.9516,3.83,0.0
2022-12-06,2675.53,1654.75,1272.88,79.35,809.0,0.9506,3.83,0.0
2022-12-07,2660.09,1670.5,1269.545,77.17,783.0,0.9531,3.83,0.0
2022-12-08,2655.49,1671.25,1276.105,76.15,780.0,0.9482,3.83,0.0
2022-12-09,2664.97,1710.0,1275.16,76.1,783.0,0.9489,3.83,0.0
2022-12-10,2675.713333333333,1697.9166666666667,1274.7116666666668,76.72999999999999,777.6666666666666,0.9492333333333333,3.83,0.0
2022-12-11,2686.4566666666665,1685.8333333333333,1274.2633333333333,77.36,772.3333333333334,0.9495666666666667,3.83,0.0
2022-12-12,2697.2,1673.75,1273.815,77.99,767.0,0.9499,3.83,0.0
2022-12-13,2739.18,1678.5,1288.195,80.68,835.0,0.9393,3.83,0.0
2022-12-14,2781.7,1622.75,1289.29,82.7,868.0,0.9385,3.83,0.0
2022-12-15,2779.46,1590.69,1286.96,81.21,881.0,0.9402,4.33,0.0
2022-12-16,2739.55,1585.1,1283.0,79.04,873.0,0.9431,4.33,0.0
2022-12-17,2737.03,1582.7733333333333,1283.2283333333332,79.29333333333334,865.0,0.9429333333333334,4.33,0.0
2022-12-18,2734.5099999999998,1580.4466666666665,1283.4566666666667,79.54666666666667,857.0,0.9427666666666666,4.33,0.0
2022-12-19,2731.99,1578.12,1283.685,79.8,849.0,0.9426,4.33,0.0
2022-12-20,2718.71,1564.61,1296.495,79.99,834.0,0.941,4.33,0.0
2022-12-21,2744.14,1593.08,1294.565,82.2,851.0,0.9424,4.33,0.0
2022-12-22,2747.41,1611.1,1292.645,80.98,873.0,0.9438,4.33,0.0
2022-12-23,2758.6,1621.43,1295.255,83.92,866.0,0.9415,4.33,0.0
2022-12-24,2760.7019999999998,1624.3700000000001,1295.392,84.02250000000001,866.0,0.9408,4.33,0.0
2022-12-25,2762.804,1627.3100000000002,1295.529,84.125,866.0,0.9400999999999999,4.33,0.0
2022-12-26,2764.906,1630.25,1295.6660000000002,84.22749999999999,866.0,0.9394,4.33,0.0
2022-12-27,2767.0080000000003,1633.19,1295.803,84.33,900.0,0.9387,4.33,0.0
2022-12-28,2769.11,1636.13,1295.94,83.26,899.0,0.9414,4.33,0.0
2022-12-29,2766.56,1635.45,1300.64,82.26,881.0,0.938,4.33,0.0
2022-12-30,2767.61,1646.42,1301.615,85.91,894.0,0.9357,4.33,0.0
2022-12-31,2761.83,1640.0425,1297.9075,84.9575,894.0,0.9366,4.33,0.0
2023-01-01,2756.05,1633.665,1294.2,84.005,894.0,0.9375,4.33,0.0
2023-01-02,2750.27,1627.2875000000001,1290.4925,83.0525,894.0,0.9384,4.33,0.0
2023-01-03,2744.49,1620.91,1286.785,82.1,881.0,0.9481,4.33,0.0
2023-01-04,2681.82,1655.56,1294.015,77.84,820.0,0.9428,4.33,0.0
2023-01-05,2696.11,1663.75,1300.0,78.69,830.0,0.95,4.33,0.0
2023-01-06,2529.44,1676.5,1310.765,78.57,811.0,0.9422,4.33,0.0
2023-01-07,2528.536666666667,1675.6666666666667,1316.2583333333334,78.92999999999999,820.3333333333334,0.9383,4.33,0.0
2023-01-08,2527.633333333333,1674.8333333333333,1321.7516666666666,79.29,829.6666666666666,0.9344,4.33,0.0
2023-01-09,2526.73,1674.0,1327.245,79.65,839.0,0.9305,4.33,0.0
2023-01-10,2533.23,1680.0,1294.31,80.1,825.0,0.931,4.33,0.0
2023-01-11,2562.48,1707.0,1290.185,82.67,854.0,0.9301,4.33,0.0
2023-01-12,2593.36,1690.5,1292.59,84.03,869.0,0.9245,4.33,0.0
2023-01-13,2540.66,1736.02,1292.87,85.28,890.0,0.9243,4.33,0.0
2023-01-14,2540.503333333333,1714.21,1293.01,85.00666666666666,891.0,0.9242,4.33,0.0
2023-01-15,2540.346666666667,1692.3999999999999,1293.1499999999999,84.73333333333333,892.0,0.9241,4.33,0.0
2023-01-16,2540.19,1670.59,1293.29,84.46,893.0,0.924,4.33,0.0
2023-01-17,2532.21,1668.22,1290.775,85.92,890.0,0.9258,4.33,0.0
2023-01-18,2558.44,1671.19,1292.73,84.98,891.0,0.9244,4.33,0.0
2023-01-19,2545.42,1611.85,1268.215,86.16,887.0,0.9265,4.33,0.0
2023-01-20,2393.82,1641.0,1273.3,87.63,926.0,0.9228,4.33,0.0
2023-01-21,2403.69,1642.7766666666666,1272.7783333333332,87.81666666666666,940.6666666666666,0.9218666666666666,4.33,0.0
2023-01-22,2413.56,1644.5533333333333,1272.2566666666667,88.00333333333333,955.3333333333334,0.9209333333333334,4.33,0.0
2023-01-23,2423.43,1646.33,1271.735,88.19,970.0,0.92,4.33,0.0
2023-01-24,2394.78,1587.02,1283.445,86.13,961.0,0.9194,4.33,0.0
2023-01-25,2363.63,1557.63,1274.37,86.12,941.0,0.9181,4.33,0.0
2023-01-26,2370.02,1551.03,1269.665,87.47,920.0,0.9215,4.33,0.0
2023-01-27,2387.19,1515.45,1270.08,86.66,925.0,0.9212,4.33,0.0
2023-01-28,2377.1666666666665,1506.1966666666667,1263.3416666666667,86.07333333333334,916.6666666666666,0.9208333333333334,4.33,0.0
2023-01-29,2367.1433333333334,1496.9433333333334,1256.6033333333332,85.48666666666666,908.3333333333334,0.9204666666666667,4.33,0.0
2023-01-30,2357.12,1487.69,1249.865,84.9,900.0,0.9201,4.33,0.0
2023-01-31,2362.5,1553.66,1249.05,84.49,870.0,0.9207,4.33,0.0
2023-02-01,2327.06,1534.94,1244.68,82.84,858.0,0.9159,4.33,0.0
2023-02-02,2293.47,1568.94,1224.58,82.17,821.0,0.9146,4.58,0.0
2023-02-03,2323.87,1548.75,1215.41,79.94,805.0,0.9215,4.58,0.0
2023-02-04,2310.96,1551.8333333333333,1211.1033333333335,80.28999999999999,792.3333333333334,0.9248,4.58,0.0
2023-02-05,2298.0499999999997,1554.9166666666667,1206.7966666666666,80.64,779.6666666666666,0.9281,4.58,0.0
2023-02-06,2285.14,1558.0,1202.49,80.99,767.0,0.9314,4.58,0.0
2023-02-07,2338.5,1579.75,1197.86,83.69,780.0,0.935,4.58,0.0
2023-02-08,2345.54,1598.75,1190.86,85.09,801.0,0.9321,4.58,0.0
2023-02-09,2326.85,1561.5,1198.795,84.5,789.0,0.9301,4.57,0.0
2023-02-10,2347.16,1580.25,1196.07,86.39,803.0,0.9364,4.58,0.0
2023-02-11,2348.9466666666667,1575.23,1197.48,86.46333333333334,803.6666666666666,0.9353,4.58,0.0
2023-02-12,2350.733333333333,1570.21,1198.8899999999999,86.53666666666666,804.3333333333334,0.9342,4.58,0.0
2023-02-13,2352.52,1565.19,1200.3,86.61,805.0,0.9331,4.58,0.0
2023-02-14,2361.13,1553.14,1202.105,85.58,804.0,0.9317,4.58,0.0
2023-02-15,2338.56,1537.56,1189.845,85.38,804.0,0.9371,4.58,0.0
2023-02-16,2329.04,1561.02,1190.22,85.14,795.0,0.9368,4.58,0.0
2023-02-17,2314.3,1552.63,1183.62,83.0,756.0,0.9378,4.58,0.0
2023-02-18,2316.9633333333336,1555.0866666666668,1184.5049999999999,83.35666666666667,760.3333333333334,0.9370999999999999,4.58,0.0
2023-02-19,2319.6266666666666,1557.5433333333333,1185.39,83.71333333333332,764.6666666666666,0.9364,4.58,0.0
2023-02-20,2322.29,1560.0,1186.275,84.07,769.0,0.9357,4.58,0.0
2023-02-21,2323.51,1563.63,1200.515,83.05,756.0,0.9371,4.58,0.0
2023-02-22,2317.9,1564.7,1206.675,80.6,776.0,0.9406,4.58,0.0
2023-02-23,2303.4,1550.06,1212.925,82.21,760.0,0.944,4.58,0.0
2023-02-24,2306.29,1573.44,1208.065,83.16,763.0,0.9478,4.58,0.0
2023-02-25,2311.82,1576.8766666666668,1209.7283333333335,82.92333333333333,772.3333333333334,0.9465,4.576666666666667,0.0
2023-02-26,2317.35,1580.3133333333333,1211.3916666666667,82.68666666666667,781.6666666666666,0.9451999999999999,4.573333333333333,0.0
2023-02-27,2322.88,1583.75,1213.055,82.45,791.0,0.9439,4.57,0.0
2023-02-28,2331.33,1576.55,1215.5,83.89,790.0,0.942,4.57,0.0
2023-03-01,2336.79,1581.59,1232.655,84.31,791.0,0.937,4.58,0.0
2023-03-02,2346.02,1570.11,1230.115,84.75,813.0,0.943,4.57,0.0
2023-03-03,2379.39,1587.25,1229.6,85.83,810.0,0.9434,4.57,0.0
2023-03-04,2375.96,1577.0833333333333,1232.7066666666667,85.94666666666667,810.6666666666666,0.9410333333333334,4.57,0.0
2023-03-05,2372.5299999999997,1566.9166666666667,1235.8133333333333,86.06333333333333,811.3333333333334,0.9386666666666666,4.57,0.0
2023-03-06,2369.1,1556.75,1238.92,86.18,812.0,0.9363,4.57,0.0
2023-03-07,2347.44,1492.75,1226.995,83.29,810.0,0.9454,4.57,0.0
2023-03-08,2332.27,1478.75,1225.57,82.66,786.0,0.9465,4.57,0.0
2023-03-09,2329.29,1476.0,1226.995,81.59,775.0,0.9454,4.57,0.0
2023-03-10,2290.2,1467.25,1237.2,82.78,753.0,0.9376,4.57,0.0
2023-03-11,2287.31,1449.5833333333333,1239.545,82.11,761.6666666666666,0.9358333333333333,4.573333333333333,0.0
2023-03-12,2284.42,1431.9166666666667,1241.8899999999999,81.44,770.3333333333334,0.9340666666666667,4.576666666666667,0.0
2023-03-13,2281.53,1414.25,1244.235,80.77,779.0,0.9323,4.58,0.0
2023-03-14,2279.91,1397.75,1173.63,77.45,770.0,0.933,4.58,0.0
2023-03-15,2203.48,1272.2,1164.38,73.69,749.0,0.949,4.58,0.0
2023-03-16,2219.43,1276.93,1173.035,74.7,716.0,0.942,4.58,0.0
2023-03-17,2043.02,1288.7,1113.95,72.97,750.0,0.9381,4.58,0.0
2023-03-18,2040.6266666666666,1286.49,1099.7116666666666,73.24333333333334,747.0,0.9365666666666667,4.58,0.0
2023-03-19,2038.2333333333333,1284.28,1085.4733333333334,73.51666666666667,744.0,0.9350333333333334,4.58,0.0
2023-03-20,2035.84,1282.07,1071.235,73.79,741.0,0.9335,4.58,0.0
2023-03-21,2033.94,1185.32,1049.515,75.32,756.0,0.929,4.58,0.0
2023-03-22,2045.51,1176.0,1019.635,76.69,760.0,0.9268,4.58,0.0
2023-03-23,2041.45,1222.25,1007.515,75.91,761.0,0.9181,4.83,0.0
2023-03-24,1837.48,1252.72,995.05,74.99,733.0,0.9296,4.83,0.0
2023-03-25,1839.1,1264.7733333333333,986.8166666666666,76.03333333333333,735.6666666666666,0.9289,4.83,0.0
2023-03-26,1840.72,1276.8266666666668,978.5833333333334,77.07666666666667,738.3333333333334,0.9282,4.83,0.0
2023-03-27,1842.34,1288.88,970.35,78.12,741.0,0.9275,4.83,0.0
2023-03-28,1859.31,1309.54,975.82,78.65,771.0,0.9223,4.83,0.0
2023-03-29,1841.1,1312.73,969.56,78.28,760.0,0.9231,4.83,0.0
2023-03-30,1834.93,1317.04,976.01,79.27,741.0,0.917,4.83,0.0
2023-03-31,1840.89,1322.54,988.7,79.77,744.0,0.9204,4.83,0.0
2023-04-01,1850.97,1355.1766666666667,989.2733333333333,81.49,760.3333333333334,0.9198666666666666,4.83,0.0
2023-04-02,1861.0500000000002,1387.8133333333333,989.8466666666667,83.21000000000001,776.6666666666666,0.9193333333333333,4.83,0.0
2023-04-03,1871.13,1420.45,990.42,84.93,793.0,0.9188,4.83,0.0
2023-04-04,1853.77,1299.43,1002.74,84.94,771.0,0.9125,4.83,0.0
2023-04-05,1876.06,1342.5,1004.7,84.99,773.0,0.9157,4.83,0.0
2023-04-06,1774.62,1329.0,1003.6,85.12,775.0,0.9157,4.83,0.0
2023-04-07,1770.124,1318.85,1000.4350000000001,84.885,781.0,0.9158,4.83,0.0
2023-04-08,1765.628,1308.7,997.27,84.65,781.6666666666666,0.9158999999999999,4.83,0.0
2023-04-09,1761.132,1298.55,994.105,84.415,782.3333333333334,0.916,4.83,0.0
2023-04-10,1756.636,1288.4,990.9399999999999,84.18,783.0,0.9161,4.83,0.0
2023-04-11,1752.14,1278.25,987.775,85.61,761.0,0.9162,4.83,0.0
2023-04-12,1767.58,1262.5,993.63,87.33,769.0,0.9108,4.83,0.0
2023-04-13,1766.72,1184.21,956.015,86.09,776.0,0.9048,4.83,0.0
2023-04-14,1815.98,1189.1,972.745,86.31,769.0,0.9098,4.83,0.0
2023-04-15,1810.6433333333334,1202.7933333333333,972.44,85.79333333333334,765.3333333333334,0.9118,4.83,0.0
2023-04-16,1805.3066666666666,1216.4866666666667,972.135,85.27666666666667,761.6666666666666,0.9138,4.83,0.0
2023-04-17,1799.97,1230.18,971.83,84.76,758.0,0.9158,4.83,0.0
2023-04-18,1801.79,1296.86,981.36,84.77,746.0,0.912,4.83,0.0
2023-04-19,1785.86,1327.16,981.04,83.12,735.0,0.9123,4.83,0.0
2023-04-20,1758.6,1278.0,981.685,81.1,717.0,0.9117,4.83,0.0
2023-04-21,2026.71,1257.88,982.545,81.66,714.0,0.9109,4.83,0.0
2023-04-22,2030.08,1252.5466666666669,983.9533333333333,82.01666666666667,714.3333333333334,0.9096000000000001,4.83,0.0
2023-04-23,2033.45,1247.2133333333334,985.3616666666667,82.37333333333333,714.6666666666666,0.9083,4.83,0.0
2023-04-24,2036.82,1241.88,986.77,82.73,715.0,0.907,4.83,0.0
2023-04-25,2018.55,1215.02,982.975,80.77,724.0,0.9105,4.83,0.0
2023-04-26,2006.89,1234.58,999.67,77.69,695.0,0.9053,4.83,0.0
2023-04-27,1987.79,1256.95,997.465,78.37,693.0,0.9073,4.83,0.0
2023-04-28,2071.39,1277.1,987.75,79.54,671.0,0.9061,4.83,0.0
2023-04-29,2062.2325,1275.1025,986.58375,79.46333333333334,671.0,0.9071750000000001,4.83,0.0
2023-04-30,2053.075,1273.105,985.4175,79.38666666666667,671.0,0.90825,4.83,0.0
2023-05-01,2043.9175,1271.1074999999998,984.25125,79.31,671.0,0.9093249999999999,4.83,0.0
2023-05-02,2034.76,1269.11,983.085,75.32,666.0,0.9104,4.83,0.0
2023-05-03,2009.23,1262.22,1022.665,72.33,633.0,0.9045,4.83,0.0
2023-05-04,2020.64,1282.75,1017.825,72.5,630.0,0.9088,5.08,0.0
2023-05-05,2243.71,1308.75,1019.17,75.3,659.0,0.9076,5.08,0.0
2023-05-06,2245.2,1307.7649999999999,1017.7462499999999,75.87,665.0,0.9076,5.08,0.0
2023-05-07,2246.69,1306.78,1016.3225,76.44,671.0,0.9076,5.08,0.0
2023-05-08,2248.1800000000003,1305.795,1014.8987500000001,77.01,677.0,0.9076,5.08,0.0
2023-05-09,2249.67,1304.81,1013.475,77.44,676.0,0.9127,5.08,0.0
2023-05-10,2269.71,1282.75,1020.855,76.41,670.0,0.911,5.08,0.0
2023-05-11,2259.96,1256.25,1015.51,74.98,668.0,0.9158,5.08,0.0
2023-05-12,2096.55,1277.67,1009.99,74.17,657.0,0.9208,5.08,0.0
2023-05-13,2100.27,1289.4366666666667,1010.3566666666667,74.52333333333334,654.3333333333334,0.9204666666666667,5.08,0.0
2023-05-14,2103.9900000000002,1301.2033333333334,1010.7233333333334,74.87666666666667,651.6666666666666,0.9201333333333332,5.08,0.0
2023-05-15,2107.71,1312.97,1011.09,75.23,649.0,0.9198,5.08,0.0
2023-05-16,2107.96,1303.86,1010.1,74.91,661.0,0.9207,5.08,0.0
2023-05-17,2122.55,1323.0,1006.82,76.96,669.0,0.9237,5.08,0.0
2023-05-18,2121.33,1321.87,1001.4,75.86,680.0,0.9287,5.08,0.0
2023-05-19,2142.32,1297.58,1005.625,75.58,678.0,0.9248,5.08,0.0
2023-05-20,2140.0866666666666,1287.8999999999999,1007.0266666666666,75.71666666666667,675.0,0.9251666666666666,5.08,0.0
2023-05-21,2137.8533333333335,1278.22,1008.4283333333334,75.85333333333332,672.0,0.9255333333333333,5.08,0.0
2023-05-22,2135.62,1268.54,1009.83,75.99,669.0,0.9259,5.08,0.0
2023-05-23,2142.08,1262.36,1007.325,76.84,665.0,0.9282,5.08,0.0
2023-05-24,2151.31,1224.21,1006.24,78.36,681.0,0.9292,5.08,0.0
2023-05-25,2131.01,1238.89,1008.15,76.26,671.0,0.9324,5.08,0.0
2023-05-26,2086.73,1251.28,1006.1,76.95,666.0,0.9343,5.08,0.0
2023-05-27,2081.035,1250.3775,1006.505,76.99,667.0,0.9341,5.08,0.0
2023-05-28,2075.34,1249.475,1006.9100000000001,77.03,668.0,0.9339,5.08,0.0
2023-05-29,2069.645,1248.5725,1007.315,77.07,669.0,0.9337,5.08,0.0
2023-05-30,2063.95,1247.67,1007.72,73.54,661.0,0.9328,5.08,0.0
2023-05-31,2052.44,1231.21,996.48,72.66,650.0,0.9383,5.08,0.0
2023-06-01,2070.21,1256.28,1003.865,74.28,640.0,0.9314,5.08,0.0
2023-06-02,1944.03,1255.98,1003.005,76.13,675.0,0.9322,5.08,0.0
2023-06-03,1947.92,1258.57,1002.5383333333333,76.32333333333332,679.6666666666666,0.9326333333333333,5.08,0.0
2023-06-04,1951.81,1261.16,1002.0716666666667,76.51666666666667,684.3333333333334,0.9330666666666667,5.08,0.0
2023-06-05,1955.7,1263.75,1001.605,76.71,689.0,0.9335,5.08,0.0
2023-06-06,1948.93,1268.17,1004.705,76.29,680.0,0.9356,5.08,0.0
2023-06-07,1958.14,1282.38,1000.965,76.95,689.0,0.9341,5.08,0.0
2023-06-08,1951.1,1273.0,1007.435,75.96,689.0,0.9281,5.08,0.0
2023-06-09,1819.73,1297.5,1010.97,74.79,689.0,0.9298,5.08,0.0
2023-06-10,1812.3266666666666,1305.1666666666667,1010.8983333333333,73.80666666666667,682.6666666666666,0.9298666666666666,5.08,0.0
2023-06-11,1804.9233333333334,1312.8333333333333,1010.8266666666667,72.82333333333334,676.3333333333334,0.9299333333333334,5.08,0.0
2023-06-12,1797.52,1320.5,1010.755,71.84,670.0,0.93,5.08,0.0
2023-06-13,1820.54,1341.75,1020.63,74.29,674.0,0.9259,5.08,0.0
2023-06-14,1815.31,1318.42,1025.395,73.2,691.0,0.9216,5.08,0.0
2023-06-15,1834.22,1335.88,1032.335,75.67,679.0,0.9154,5.07,0.0
2023-06-16,1858.24,1354.05,1037.8,76.61,724.0,0.9154,5.08,0.0
2023-06-17,1856.1433333333334,1363.45,1045.1583333333333,76.43666666666667,725.6666666666666,0.9153333333333333,5.077500000000001,0.0
2023-06-18,1854.0466666666666,1372.85,1052.5166666666667,76.26333333333334,727.3333333333334,0.9152666666666667,5.075,0.0
2023-06-19,1851.95,1382.25,1059.875,76.09,729.0,0.9152,5.0725,0.0
2023-06-20,1830.58,1387.52,1052.46,75.9,720.0,0.9169,5.07,0.0
2023-06-21,1855.68,1375.69,1056.725,77.12,715.0,0.9132,5.07,0.0
2023-06-22,1829.03,1351.09,1057.65,74.14,721.0,0.9124,5.07,0.0
2023-06-23,1882.08,1325.88,1050.17,73.85,698.0,0.9189,5.07,0.0
2023-06-24,1884.0133333333333,1320.9966666666667,1051.125,73.96,702.0,0.9180666666666667,5.07,0.0
2023-06-25,1885.9466666666667,1316.1133333333335,1052.0800000000002,74.07000000000001,706.0,0.9172333333333333,5.07,0.0
2023-06-26,1887.88,1311.23,1053.035,74.18,710.0,0.9164,5.07,0.0
2023-06-27,1890.54,1320.19,1057.42,72.26,711.0,0.9126,5.07,0.0
2023-06-28,1884.55,1363.16,1053.38,74.03,691.0,0.9161,5.07,0.0
2023-06-29,1876.93,1361.13,1050.625,74.34,696.0,0.9185,5.07,0.0
2023-06-30,2025.24,1385.77,1053.49,74.9,696.0,0.916,5.08,0.0
2023-07-01,2024.17,1390.45,1053.3383333333334,74.81666666666668,700.3333333333334,0.9161333333333334,5.08,0.0
2023-07-02,2023.1,1395.1299999999999,1053.1866666666667,74.73333333333333,704.6666666666666,0.9162666666666667,5.08,0.0
2023-07-03,2022.03,1399.81,1053.035,74.65,709.0,0.9164,5.08,0.0
2023-07-04,2030.48,1378.61,1084.35,76.25,705.0,0.9176,5.08,0.0
2023-07-05,2043.36,1410.5,1082.23,76.65,713.0,0.9194,5.08,0.0
2023-07-06,2029.01,1377.25,1086.25,76.52,721.0,0.9206,5.08,0.0
2023-07-07,2101.5,1377.25,1095.055,78.47,724.0,0.9132,5.08,0.0
2023-07-08,2105.1133333333332,1382.1666666666667,1096.1366666666668,78.21,729.3333333333334,0.9123,5.076666666666667,0.0
2023-07-09,2108.726666666667,1387.0833333333333,1097.2183333333332,77.95,734.6666666666666,0.9114,5.073333333333333,0.0
2023-07-10,2112.34,1392.0,1098.3,77.69,740.0,0.9105,5.07,0.0
2023-07-11,2119.11,1400.0,1104.515,79.4,741.0,0.9099,5.08,0.0
2023-07-12,2124.79,1424.25,1123.1,80.11,750.0,0.8993,5.08,0.0
2023-07-13,2126.63,1422.61,1130.515,81.36,747.0,0.8934,5.08,0.0
2023-07-14,2228.48,1435.28,1134.96,79.87,745.0,0.8899,5.08,0.0
2023-07-15,2225.62,1440.9733333333334,1134.8316666666667,79.41333333333334,743.3333333333334,0.89,5.08,0.0
2023-07-16,2222.76,1446.6666666666665,1134.7033333333334,78.95666666666666,741.6666666666666,0.8901,5.08,0.0
2023-07-17,2219.9,1452.36,1134.575,78.5,740.0,0.8902,5.08,0.0
2023-07-18,2228.11,1499.38,1123.47,79.63,739.0,0.8901,5.08,0.0
2023-07-19,2249.25,1517.31,1125.295,79.46,753.0,0.8931,5.08,0.0
2023-07-20,2241.05,1511.05,1120.15,79.64,759.0,0.8972,5.08,0.0
2023-07-21,2339.06,1492.27,1117.66,81.07,779.0,0.8992,5.08,0.0
2023-07-22,2349.0299999999997,1499.8066666666666,1116.0516666666667,81.62666666666667,782.0,0.9005,5.08,0.0
2023-07-23,2359.0,1507.3433333333335,1114.4433333333334,82.18333333333332,785.0,0.9018,5.08,0.0
2023-07-24,2368.97,1514.88,1112.835,82.74,788.0,0.9031,5.08,0.0
2023-07-25,2350.24,1497.59,1115.775,83.64,794.0,0.9052,5.08,0.0
2023-07-26,2375.94,1500.98,1129.445,82.92,802.0,0.9031,5.08,0.0
2023-07-27,2395.59,1479.45,1104.515,84.24,820.0,0.9099,5.33,0.0
2023-07-28,2246.31,1465.5,1102.655,84.99,830.0,0.9069,5.33,0.0
2023-07-29,2247.3733333333334,1466.4833333333333,1102.4533333333334,85.17999999999999,840.3333333333334,0.9070666666666667,5.33,0.0
2023-07-30,2248.4366666666665,1467.4666666666667,1102.2516666666666,85.37,850.6666666666666,0.9072333333333333,5.33,0.0
2023-07-31,2249.5,1468.45,1102.05,85.56,861.0,0.9074,5.33,0.0
2023-08-01,2283.25,1462.93,1091.01,84.91,883.0,0.912,5.33,0.0
2023-08-02,2257.39,1465.73,1093.615,83.2,891.0,0.9144,5.33,0.0
2023-08-03,2272.58,1472.25,1083.985,85.14,877.0,0.9133,5.33,0.0
2023-08-04,2279.35,1516.0,1114.91,86.24,891.0,0.9059,5.33,0.0
2023-08-05,2274.8366666666666,1533.5,1113.7250000000001,85.94,886.6666666666666,0.9068666666666667,5.33,0.0
2023-08-06,2270.3233333333333,1551.0,1112.54,85.64,882.3333333333334,0.9078333333333334,5.33,0.0
2023-08-07,2265.81,1568.5,1111.355,85.34,878.0,0.9088,5.33,0.0
2023-08-08,2265.54,1518.25,1105.635,86.17,854.0,0.9135,5.33,0.0
2023-08-09,2315.1,1519.0,1114.405,87.55,901.0,0.9108,5.33,0.0
2023-08-10,2308.06,1491.83,1118.09,86.4,914.0,0.9078,5.33,0.0
2023-08-11,2256.24,1497.0,1112.57,86.81,908.0,0.9123,5.33,0.0
2023-08-12,2250.0099999999998,1507.9166666666667,1116.45,86.61,903.0,0.9136,5.33,0.0
2023-08-13,2243.78,1518.8333333333333,1120.33,86.41,898.0,0.9149,5.33,0.0
2023-08-14,2237.55,1529.75,1124.21,86.21,893.0,0.9162,5.33,0.0
2023-08-15,2218.67,1525.82,1136.24,84.89,878.0,0.9153,5.33,0.0
2023-08-16,2217.11,1555.88,1134.505,83.45,871.0,0.9167,5.33,0.0
2023-08-17,2236.03,1597.1,1131.295,84.12,887.0,0.9193,5.33,0.0
2023-08-18,2251.58,1632.7,1141.925,84.8,894.0,0.9195,5.33,0.0
2023-08-19,2250.846666666667,1624.5233333333333,1145.9683333333332,84.68666666666667,898.3333333333334,0.9191666666666667,5.33,0.0
2023-08-20,2250.1133333333332,1616.3466666666668,1150.0116666666668,84.57333333333332,902.6666666666666,0.9188333333333333,5.33,0.0
2023-08-21,2249.38,1608.17,1154.055,84.46,907.0,0.9185,5.33,0.0
2023-08-22,2248.18,1589.56,1150.295,84.03,899.0,0.9215,5.33,0.0
2023-08-23,2245.86,1607.42,1139.325,83.21,892.0,0.9216,5.33,0.0
2023-08-24,2247.71,1607.13,1148.055,83.36,899.0,0.9233,5.33,0.0
2023-08-25,2273.32,1629.77,1163.545,84.48,921.0,0.9282,5.33,0.0
2023-08-26,2269.4025,1624.1525,1165.43625,84.46000000000001,928.0,0.9273,5.33,0.0
2023-08-27,2265.485,1618.5349999999999,1167.3274999999999,84.44,935.0,0.9264,5.33,0.0
2023-08-28,2261.5675,1612.9175,1169.21875,84.42,942.0,0.9255,5.33,0.0
2023-08-29,2257.65,1607.3,1171.11,85.49,929.0,0.9222,5.33,0.0
2023-08-30,2221.44,1582.55,1180.845,85.86,920.0,0.9146,5.33,0.0
2023-08-31,2222.17,1577.55,1171.365,86.86,900.0,0.922,5.33,0.0
2023-09-01,2269.02,1597.13,1165.805,88.55,910.0,0.9264,5.33,0.0
2023-09-02,2270.3033333333333,1596.65,1167.3083333333334,88.7,909.3333333333334,0.9266333333333333,5.33,0.0
2023-09-03,2271.5866666666666,1596.17,1168.8116666666667,88.85,908.6666666666666,0.9268666666666667,5.33,0.0
2023-09-04,2272.87,1595.69,1170.315,89.0,908.0,0.9271,5.33,0.0
2023-09-05,2303.27,1622.5,1162.415,90.04,904.0,0.9334,5.33,0.0
2023-09-06,2282.42,1517.5,1162.665,90.6,922.0,0.9332,5.33,0.0
2023-09-07,2294.34,1543.5,1161.05,89.92,920.0,0.9345,5.33,0.0
2023-09-08,2379.83,1553.0,1157.06,90.65,941.0,0.9334,5.33,0.0
2023-09-09,2384.8866666666668,1540.3333333333333,1158.2616666666665,90.64666666666668,948.6666666666666,0.9324333333333333,5.33,0.0
2023-09-10,2389.943333333333,1527.6666666666667,1159.4633333333334,90.64333333333333,956.3333333333334,0.9314666666666667,5.33,0.0
2023-09-11,2395.0,1515.0,1160.665,90.64,964.0,0.9305,5.33,0.0
2023-09-12,2390.66,1508.25,1147.945,92.06,959.0,0.9321,5.33,0.0
2023-09-13,2405.56,1494.75,1171.16,91.88,970.0,0.9307,5.33,0.0
2023-09-14,2425.38,1508.05,1162.665,93.7,981.0,0.9375,5.33,0.0
2023-09-15,2469.07,1468.28,1163.035,93.93,990.0,0.9372,5.33,0.0
2023-09-16,2461.3533333333335,1462.6566666666668,1163.45,94.09666666666668,986.3333333333334,0.9368666666666667,5.33,0.0
2023-09-17,2453.6366666666668,1457.0333333333333,1163.865,94.26333333333334,982.6666666666666,0.9365333333333333,5.33,0.0
2023-09-18,2445.92,1451.41,1164.28,94.43,979.0,0.9362,5.33,0.0
2023-09-19,2453.81,1454.19,1164.28,94.34,956.0,0.9362,5.33,0.0
2023-09-20,2437.91,1464.52,1136.24,93.53,947.0,0.9329,5.33,0.0
2023-09-21,2480.45,1468.78,1151.63,93.3,955.0,0.9378,5.33,0.0
2023-09-22,2516.68,1443.06,1140.24,93.27,980.0,0.9384,5.33,0.0
2023-09-23,2510.2966666666666,1449.3899999999999,1137.865,93.27666666666667,970.3333333333334,0.9403666666666667,5.33,0.0
2023-09-24,2503.9133333333334,1455.72,1135.49,93.28333333333333,960.6666666666666,0.9423333333333334,5.33,0.0
2023-09-25,2497.53,1462.05,1133.115,93.29,951.0,0.9443,5.33,0.0
2023-09-26,2485.23,1444.03,1115.695,93.96,920.0,0.9456,5.33,0.0
2023-09-27,2501.69,1454.22,1094.05,96.55,940.0,0.9506,5.33,0.0
2023-09-28,2522.48,1440.91,1109.465,95.38,947.0,0.9464,5.33,0.0
2023-09-29,2466.58,1442.56,1127.22,95.31,961.0,0.9448,5.33,0.0
2023-09-30,2454.61,1434.8466666666666,1124.575,93.77666666666667,956.3333333333334,0.9470333333333333,5.33,0.0
2023-10-01,2442.64,1427.1333333333334,1121.93,92.24333333333333,951.6666666666666,0.9492666666666667,5.33,0.0
2023-10-02,2430.67,1419.42,1119.285,90.71,947.0,0.9515,5.33,0.0
2023-10-03,2412.79,1430.41,1114.365,90.92,922.0,0.9557,5.33,0.0
2023-10-04,2380.21,1422.01,1119.285,85.81,893.0,0.9515,5.33,0.0
2023-10-05,2327.84,1401.38,1121.285,84.07,835.0,0.9498,5.33,0.0
2023-10-06,2326.76,1373.5,1094.66,84.58,839.0,0.9455,5.33,0.0
2023-10-07,2334.7033333333334,1380.8333333333333,1093.5816666666667,85.77,841.3333333333334,0.9464333333333333,5.33,0.0
2023-10-08,2342.646666666667,1388.1666666666667,1092.5033333333333,86.96000000000001,843.6666666666666,0.9473666666666667,5.33,0.0
2023-10-09,2350.59,1395.5,1091.425,88.15,846.0,0.9483,5.33,0.0
2023-10-10,2360.34,1377.0,1097.33,87.65,861.0,0.9432,5.33,0.0
2023-10-11,2350.59,1363.0,1098.725,85.82,859.0,0.942,5.33,0.0
2023-10-12,2368.2,1379.25,1113.105,86.0,865.0,0.9478,5.33,0.0
2023-10-13,2316.66,1420.44,1107.61,90.89,905.0,0.9525,5.33,0.0
2023-10-14,2315.5666666666666,1408.32,1109.2849999999999,90.47666666666667,907.0,0.9510666666666667,5.33,0.0
2023-10-15,2314.4733333333334,1396.2,1110.96,90.06333333333333,909.0,0.9496333333333333,5.33,0.0
2023-10-16,2313.38,1384.08,1112.635,89.65,911.0,0.9482,5.33,0.0
2023-10-17,2285.09,1357.97,1111.345,89.9,894.0,0.9448,5.33,0.0
2023-10-18,2295.39,1340.81,1074.475,91.5,900.0,0.9493,5.33,0.0
2023-10-19,2291.39,1302.61,1068.22,92.38,871.0,0.9455,5.33,0.0
2023-10-20,2314.05,1303.03,1069.805,92.16,899.0,0.9441,5.33,0.0
2023-10-21,2308.8433333333332,1298.2233333333334,1071.3600000000001,91.38333333333333,895.0,0.9427333333333333,5.33,0.0
2023-10-22,2303.6366666666668,1293.4166666666665,1072.915,90.60666666666667,891.0,0.9413666666666667,5.33,0.0
2023-10-23,2298.43,1288.61,1074.47,89.83,887.0,0.94,5.33,0.0
2023-10-24,2254.57,1248.13,1037.695,88.07,866.0,0.9444,5.33,0.0
2023-10-25,2251.81,1280.58,1005.715,90.13,851.0,0.9446,5.33,0.0
2023-10-26,2258.02,1291.31,1000.425,87.93,857.0,0.9496,5.33,0.0
2023-10-27,2245.23,1284.5,1022.135,90.48,871.0,0.9441,5.33,0.0
2023-10-28,2239.97,1282.98,1010.335,89.47,864.0,0.9435666666666667,5.33,0.0
2023-10-29,2234.71,1281.46,998.535,88.46000000000001,857.0,0.9430333333333334,5.33,0.0
2023-10-30,2229.45,1279.94,986.735,87.45,850.0,0.9425,5.33,0.0
2023-10-31,2242.19,1276.7,982.565,87.41,840.0,0.9465,5.33,0.0
2023-11-01,2249.29,1248.25,964.48,84.63,840.0,0.9487,5.33,0.0
2023-11-02,2260.33,1267.94,976.645,86.85,857.0,0.942,5.33,0.0
2023-11-03,2164.97,1262.5,1004.08,84.89,847.0,0.9312,5.33,0.0
2023-11-04,2165.7799999999997,1259.25,1011.3133333333334,84.98666666666666,844.0,0.9311333333333334,5.33,0.0
2023-11-05,2166.59,1256.0,1018.5466666666666,85.08333333333334,841.0,0.9310666666666667,5.33,0.0
2023-11-06,2167.4,1252.75,1025.78,85.18,838.0,0.931,5.33,0.0
2023-11-07,2135.44,1217.25,1004.595,81.61,809.0,0.9357,5.33,0.0
2023-11-08,2116.49,1205.75,1006.64,79.54,789.0,0.9338,5.33,0.0
2023-11-09,2094.28,1207.25,1012.32,80.01,767.0,0.9335,5.33,0.0
2023-11-10,1947.2,1201.5,981.645,81.43,773.0,0.9372,5.33,0.0
2023-11-11,1955.0533333333333,1205.4166666666667,982.4499999999999,81.79333333333334,774.0,0.9364333333333333,5.33,0.0
2023-11-12,1962.9066666666668,1209.3333333333333,983.255,82.15666666666667,775.0,0.9356666666666666,5.33,0.0
2023-11-13,1970.76,1213.25,984.06,82.52,776.0,0.9349,5.33,0.0
2023-11-14,1982.04,1221.16,998.48,82.47,787.0,0.9214,5.33,0.0
2023-11-15,1973.91,1230.66,977.73,81.18,782.0,0.9205,5.33,0.0
2023-11-16,1944.54,1228.05,977.62,77.42,776.0,0.9206,5.33,0.0
2023-11-17,1957.76,1240.65,979.75,80.61,771.0,0.9186,5.33,0.0
2023-11-18,1963.98,1244.9233333333334,981.43,81.17999999999999,774.3333333333334,0.9170333333333334,5.33,0.0
2023-11-19,1970.2,1249.1966666666667,983.11,81.75,777.6666666666666,0.9154666666666667,5.33,0.0
2023-11-20,1976.42,1253.47,984.79,82.32,781.0,0.9139,5.33,0.0
2023-11-21,1979.94,1269.22,983.5,82.45,790.0,0.9151,5.33,0.0
2023-11-22,1971.05,1261.02,978.045,81.96,787.0,0.9202,5.33,0.0
2023-11-23,1974.82,1248.0,970.555,81.42,796.0,0.917,5.33,0.0
2023-11-24,1943.7,1253.77,962.38,80.58,799.0,0.9144,5.33,0.0
2023-11-25,1937.77,1258.2966666666666,969.4916666666667,80.38,796.0,0.9145666666666666,5.33,0.0
2023-11-26,1931.8400000000001,1262.8233333333333,976.6033333333334,80.18,793.0,0.9147333333333334,5.33,0.0
2023-11-27,1925.91,1267.35,983.715,79.98,790.0,0.9149,5.33,0.0
2023-11-28,1941.78,1273.67,1005.385,81.68,793.0,0.9101,5.33,0.0
2023-11-29,1927.38,1269.91,1003.51,83.1,801.0,0.9118,5.33,0.0
2023-11-30,1906.8,1258.71,987.02,82.83,806.0,0.9169,5.33,0.0
2023-12-01,1885.42,1262.64,988.38,78.88,780.0,0.9207,5.33,0.0
2023-12-02,1879.1866666666667,1265.5533333333335,987.1666666666666,78.59666666666666,771.0,0.9218333333333333,5.33,0.0
2023-12-03,1872.9533333333334,1268.4666666666667,985.9533333333334,78.31333333333333,762.0,0.9229666666666667,5.33,0.0
2023-12-04,1866.72,1271.38,984.74,78.03,753.0,0.9241,5.33,0.0
2023-12-05,1860.35,1297.0,966.0,77.2,759.0,0.9265,5.33,0.0
2023-12-06,1830.29,1269.25,955.205,74.3,740.0,0.9265,5.33,0.0
2023-12-07,1832.99,1271.75,987.165,74.05,736.0,0.9269,5.33,0.0
2023-12-08,1840.04,1278.25,962.265,75.84,736.0,0.9301,5.33,0.0
2023-12-09,1840.1299999999999,1276.1666666666667,962.0233333333333,75.90333333333334,736.6666666666666,0.9303333333333333,5.33,0.0
2023-12-10,1840.22,1274.0833333333333,961.7816666666666,75.96666666666667,737.3333333333334,0.9305666666666667,5.33,0.0
2023-12-11,1840.31,1272.0,961.54,76.03,738.0,0.9308,5.33,0.0
2023-12-12,1809.7,1255.42,965.795,73.24,727.0,0.9267,5.33,0.0
2023-12-13,1818.91,1263.92,965.685,74.26,710.0,0.9268,5.33,0.0
2023-12-14,1839.95,1261.67,962.065,76.61,729.0,0.9095,5.33,0.0
2023-12-15,1839.13,1272.75,965.84,76.55,730.0,0.9163,5.33,0.0
2023-12-16,1846.5266666666666,1273.91,973.2966666666667,77.01666666666667,733.6666666666666,0.9161333333333334,5.33,0.0
2023-12-17,1853.9233333333334,1275.07,980.7533333333333,77.48333333333333,737.3333333333334,0.9159666666666666,5.33,0.0
2023-12-18,1861.32,1276.23,988.21,77.95,741.0,0.9158,5.33,0.0
2023-12-19,1869.12,1302.93,1004.5,79.23,751.0,0.9109,5.33,0.0
2023-12-20,1873.62,1319.58,1003.84,79.7,770.0,0.9115,5.33,0.0
2023-12-21,1864.59,1330.25,1005.825,79.39,769.0,0.9097,5.33,0.0
2023-12-22,1850.94,1330.48,1008.26,79.07,769.0,0.9083,5.33,0.0
2023-12-23,1848.21,1325.96,1010.122,79.57,768.6666666666666,0.9075,5.33,0.0
2023-12-24,1845.48,1321.44,1011.984,80.07,768.3333333333334,0.9067000000000001,5.33,0.0
2023-12-25,1842.75,1316.92,1013.846,80.57,768.0,0.9059,5.33,0.0
2023-12-26,1840.02,1312.4,1015.7080000000001,81.07,767.0,0.9064,5.33,0.0
2023-12-27,1837.29,1307.88,1017.57,79.65,759.0,0.8992,5.33,0.0
2023-12-28,1827.63,1275.47,1013.515,78.39,743.0,0.9028,5.33,0.0
2023-12-29,1806.41,1264.38,1012.505,77.04,723.0,0.9047,5.33,0.0
2023-12-30,1805.7225,1270.2450000000001,1010.09125,76.7525,722.6666666666666,0.9047999999999999,5.33,0.0
2023-12-31,1805.035,1276.1100000000001,1007.6775,76.465,722.3333333333334,0.9049,5.33,0.0
2024-01-01,1804.3475,1281.975,1005.2637500000001,76.17750000000001,722.0,0.905,5.33,0.0
2024-01-02,1803.66,1287.84,1002.85,75.89,750.0,0.9084,5.33,0.0
2024-01-03,1827.54,1309.88,998.69,78.25,725.0,0.9162,5.33,0.0
2024-01-04,1808.71,1302.64,1019.18,77.59,741.0,0.9125,5.33,0.0
2024-01-05,1777.65,1309.25,1019.85,78.76,732.0,0.9119,5.33,0.0
2024-01-06,1771.42,1298.3333333333333,1020.11,77.88000000000001,731.6666666666666,0.9116666666666667,5.33,0.0
2024-01-07,1765.19,1287.4166666666667,1020.37,77.0,731.3333333333334,0.9114333333333333,5.33,0.0
2024-01-08,1758.96,1276.5,1020.63,76.12,731.0,0.9112,5.33,0.0
2024-01-09,1783.07,1289.25,1027.095,77.59,745.0,0.9152,5.33,0.0
2024-01-10,1785.78,1276.75,1030.36,76.8,771.0,0.9123,5.33,0.0
2024-01-11,1708.85,1294.5,1012.7,77.41,740.0,0.9134,5.33,0.0
2024-01-12,1677.61,1292.75,1008.995,78.29,766.0,0.9118,5.33,0.0
2024-01-13,1668.6899999999998,1293.7666666666667,1006.6183333333333,78.24333333333334,760.6666666666666,0.9123,5.33,0.0
2024-01-14,1659.77,1294.7833333333333,1004.2416666666667,78.19666666666667,755.3333333333334,0.9128000000000001,5.33,0.0
2024-01-15,1650.85,1295.8,1001.865,78.15,750.0,0.9133,5.33,0.0
2024-01-16,1659.07,1301.81,1013.075,78.29,760.0,0.918,5.33,0.0
2024-01-17,1640.61,1289.77,1009.66,77.88,753.0,0.9211,5.33,0.0
2024-01-18,1652.44,1315.69,1015.865,79.1,740.0,0.9204,5.33,0.0
2024-01-19,1658.05,1292.53,1022.96,78.56,758.0,0.9189,5.33,0.0
2024-01-20,1658.7766666666666,1292.09,1023.1850000000001,79.06,756.0,0.9187000000000001,5.33,0.0
2024-01-21,1659.5033333333333,1291.65,1023.41,79.56,754.0,0.9185,5.33,0.0
2024-01-22,1660.23,1291.21,1023.635,80.06,752.0,0.9183,5.33,0.0
2024-01-23,1635.69,1275.73,1018.53,79.55,771.0,0.9229,5.33,0.0
2024-01-24,1632.07,1272.38,1024.41,80.04,776.0,0.9176,5.33,0.0
2024-01-25,1652.32,1253.58,1018.75,82.43,781.0,0.9227,5.33,0.0
2024-01-26,1655.25,1248.78,1015.865,83.55,796.0,0.9204,5.33,0.0
2024-01-27,1661.4066666666668,1248.6299999999999,1013.9616666666667,83.16666666666667,804.0,0.9221333333333334,5.33,0.0
2024-01-28,1667.5633333333333,1248.48,1012.0583333333333,82.78333333333333,812.0,0.9238666666666666,5.33,0.0
2024-01-29,1673.72,1248.33,1010.155,82.4,820.0,0.9256,5.33,0.0
2024-01-30,1666.73,1252.71,1013.33,82.87,789.0,0.9227,5.33,0.0
2024-01-31,1673.23,1257.71,1003.585,81.71,802.0,0.9217,5.33,0.0
2024-02-01,1671.94,1253.52,1019.745,78.7,803.0,0.9218,5.33,0.0
2024-02-02,1626.84,1236.31,1014.355,77.33,777.0,0.9267,5.33,0.0
2024-02-03,1615.5333333333333,1238.79,1012.3233333333334,77.55,777.6666666666666,0.9285666666666667,5.33,0.0
2024-02-04,1604.2266666666667,1241.27,1010.2916666666666,77.77,778.3333333333334,0.9304333333333333,5.33,0.0
2024-02-05,1592.92,1243.75,1008.26,77.99,779.0,0.9323,5.33,0.0
2024-02-06,1603.94,1246.25,1010.21,78.59,775.0,0.9305,5.33,0.0
2024-02-07,1603.12,1233.42,1006.03,79.21,790.0,0.9294,5.33,0.0
2024-02-08,1624.79,1231.75,1006.46,81.63,801.0,0.929,5.33,0.0
2024-02-09,1647.81,1222.5,1008.195,82.19,836.0,0.9274,5.33,0.0
2024-02-10,1635.4733333333334,1228.1666666666667,1007.8683333333333,82.12666666666667,834.3333333333334,0.9277,5.33,0.0
2024-02-11,1623.1366666666665,1233.8333333333333,1007.5416666666667,82.06333333333333,832.6666666666666,0.928,5.33,0.0
2024-02-12,1610.8,1239.5,1007.215,82.0,831.0,0.9283,5.33,0.0
2024-02-13,1612.52,1266.59,1002.25,82.77,836.0,0.9329,5.33,0.0
2024-02-14,1591.77,1263.77,1002.895,81.6,828.0,0.9323,5.33,0.0
2024-02-15,1596.27,1280.09,1011.3,82.86,793.0,0.9295,5.33,0.0
2024-02-16,1578.17,1267.38,1012.715,83.47,803.0,0.9282,5.33,0.0
2024-02-17,1579.6566666666668,1269.0866666666668,1014.3283333333334,83.5,802.0,0.9283666666666667,5.33,0.0
2024-02-18,1581.1433333333334,1270.7933333333333,1015.9416666666666,83.53,801.0,0.9285333333333333,5.33,0.0
2024-02-19,1582.63,1272.5,1017.555,83.56,800.0,0.9287,5.33,0.0
2024-02-20,1563.27,1262.63,1022.395,82.34,804.0,0.9243,5.33,0.0
2024-02-21,1560.32,1268.91,1032.655,83.03,807.0,0.9248,5.33,0.0
2024-02-22,1559.61,1261.75,1038.4,83.67,775.0,0.9245,5.33,0.0
2024-02-23,1553.67,1255.27,1038.62,81.62,777.0,0.9243,5.33,0.0
2024-02-24,1555.91,1255.17,1041.3683333333333,81.92333333333333,776.6666666666666,0.9234666666666667,5.33,0.0
2024-02-25,1558.15,1255.07,1044.1166666666666,82.22666666666667,776.3333333333334,0.9226333333333333,5.33,0.0
2024-02-26,1560.39,1254.97,1046.865,82.53,776.0,0.9218,5.33,0.0
2024-02-27,1565.2,1239.41,1047.205,83.65,790.0,0.9215,5.33,0.0
2024-02-28,1536.73,1223.13,1045.505,83.68,785.0,0.923,5.33,0.0
2024-02-29,1544.27,1240.09,1043.135,83.62,770.0,0.9251,5.33,0.0
2024-03-01,1566.67,1250.77,1044.71,83.55,777.0,0.9237,5.33,0.0
2024-03-02,1560.8633333333335,1253.4366666666667,1045.845,83.3,775.6666666666666,0.9227,5.33,0.0
2024-03-03,1555.0566666666666,1256.1033333333332,1046.98,83.05,774.3333333333334,0.9217,5.33,0.0
2024-03-04,1549.25,1258.77,1048.115,82.8,773.0,0.9207,5.33,0.0
2024-03-05,1548.59,1261.25,1048.685,82.04,765.0,0.9202,5.33,0.0
2024-03-06,1571.53,1267.0,1052.0,82.96,745.0,0.9173,5.33,0.0
2024-03-07,1580.91,1272.75,1065.575,82.96,753.0,0.915,5.33,0.0
2024-03-08,1563.58,1269.25,1067.205,82.08,759.0,0.9136,5.33,0.0
2024-03-09,1571.6166666666666,1268.5266666666666,1064.8016666666665,82.12333333333333,756.3333333333334,0.9141,5.33,0.0
2024-03-10,1579.6533333333334,1267.8033333333333,1062.3983333333333,82.16666666666666,753.6666666666666,0.9146,5.33,0.0
2024-03-11,1587.69,1267.08,1059.995,82.21,751.0,0.9151,5.33,0.0
2024-03-12,1586.33,1276.5,1064.53,81.92,767.0,0.9159,5.33,0.0
2024-03-13,1601.23,1293.75,1072.56,84.03,771.0,0.9137,5.33,0.0
2024-03-14,1674.59,1289.8,1067.425,85.42,776.0,0.9181,5.33,0.0
2024-03-15,1745.95,1301.5,1061.625,85.34,771.0,0.9184,5.33,0.0
2024-03-16,1751.9533333333334,1303.1533333333334,1061.0883333333334,85.85666666666667,780.0,0.9188666666666666,5.33,0.0
2024-03-17,1757.9566666666667,1304.8066666666666,1060.5516666666667,86.37333333333333,789.0,0.9193333333333333,5.33,0.0
2024-03-18,1763.96,1306.46,1060.015,86.89,798.0,0.9198,5.33,0.0
2024-03-19,1758.45,1303.04,1064.29,87.38,800.0,0.9208,5.33,0.0
2024-03-20,1732.7,1306.77,1063.945,85.95,784.0,0.9211,5.33,0.0
2024-03-21,1736.98,1311.39,1064.18,85.78,784.0,0.9209,5.33,0.0
2024-03-22,1769.97,1327.25,1059.345,85.43,777.0,0.9251,5.33,0.0
2024-03-23,1772.0666666666666,1330.85,1060.1866666666667,85.87,774.3333333333334,0.9243666666666667,5.33,0.0
2024-03-24,1774.1633333333334,1334.45,1061.0283333333332,86.31,771.6666666666666,0.9236333333333334,5.33,0.0
2024-03-25,1776.26,1338.05,1061.87,86.75,769.0,0.9229,5.33,0.0
2024-03-26,1763.54,1360.06,1060.95,86.25,769.0,0.9237,5.33,0.0
2024-03-27,1836.06,1362.25,1060.38,86.09,770.0,0.9242,5.33,0.0
2024-03-28,1796.12,1377.8,1057.515,87.48,763.0,0.9258,5.33,0.0
2024-03-29,1801.3819999999998,1394.4579999999999,1060.313,87.465,761.0,0.9269,5.33,0.0
2024-03-30,1806.644,1411.116,1063.111,87.45,765.0,0.9282666666666667,5.33,0.0
2024-03-31,1811.906,1427.774,1065.909,87.435,769.0,0.9296333333333333,5.33,0.0
2024-04-01,1817.1680000000001,1444.432,1068.707,87.42,773.0,0.931,5.33,0.0
2024-04-02,1822.43,1461.09,1071.505,88.92,784.0,0.9286,5.33,0.0
2024-04-03,1833.47,1452.57,1088.365,89.35,810.0,0.9234,5.33,0.0
2024-04-04,1820.26,1400.0,1091.68,90.65,801.0,0.9206,5.33,0.0
2024-04-05,1864.86,1417.5,1088.255,91.17,810.0,0.9235,5.33,0.0
2024-04-06,1855.77,1409.4833333333333,1089.16,90.90666666666667,806.0,0.9227333333333333,5.33,0.0
2024-04-07,1846.6799999999998,1401.4666666666667,1090.065,90.64333333333333,802.0,0.9219666666666667,5.33,0.0
2024-04-08,1837.59,1393.45,1090.97,90.38,798.0,0.9212,5.33,0.0
2024-04-09,1758.95,1375.75,1090.97,89.42,800.0,0.9212,5.33,0.0
2024-04-10,1750.82,1371.5,1079.95,90.48,779.0,0.9306,5.33,0.0
2024-04-11,1743.33,1358.92,1087.075,89.74,791.0,0.9337,5.33,0.0
2024-04-12,1742.57,1349.3,1079.67,90.45,793.0,0.9401,5.33,0.0
2024-04-13,1757.0066666666667,1342.5933333333332,1079.5183333333334,90.33333333333333,788.6666666666666,0.9402333333333334,5.33,0.0
2024-04-14,1771.4433333333334,1335.8866666666668,1079.3666666666666,90.21666666666667,784.3333333333334,0.9403666666666667,5.33,0.0
2024-04-15,1785.88,1329.18,1079.215,90.1,780.0,0.9405,5.33,0.0
2024-04-16,1789.69,1317.7,1062.815,90.02,775.0,0.9409,5.33,0.0
2024-04-17,1777.91,1306.82,1063.94,87.29,772.0,0.9399,5.33,0.0
2024-04-18,1677.33,1279.08,1076.99,87.11,739.0,0.9378,5.33,0.0
2024-04-19,1680.5,1277.0,1077.335,87.29,734.0,0.9375,5.33,0.0
2024-04-20,1679.83,1279.7166666666667,1080.1183333333333,87.19333333333334,735.0,0.9381666666666667,5.33,0.0
2024-04-21,1679.16,1282.4333333333334,1082.9016666666666,87.09666666666666,736.0,0.9388333333333333,5.33,0.0
2024-04-22,1678.49,1285.15,1085.685,87.0,737.0,0.9395,5.33,0.0
2024-04-23,1684.53,1285.72,1091.38,88.42,740.0,0.9346,5.33,0.0
2024-04-24,1681.47,1282.23,1089.975,88.02,744.0,0.9358,5.33,0.0
2024-04-25,1673.27,1290.33,1092.665,89.01,745.0,0.9335,5.33,0.0
2024-04-26,1688.51,1298.9,1088.93,89.5,754.0,0.9367,5.33,0.0
2024-04-27,1686.2066666666667,1299.3833333333334,1090.2516666666668,89.13333333333334,752.3333333333334,0.9355666666666667,5.33,0.0
2024-04-28,1683.9033333333332,1299.8666666666666,1091.5733333333333,88.76666666666667,750.6666666666666,0.9344333333333333,5.33,0.0
2024-04-29,1681.6,1300.35,1092.895,88.4,749.0,0.9333,5.33,0.0
2024-04-30,1673.78,1315.8,1090.675,87.86,744.0,0.9352,5.33,0.0
2024-05-01,1652.14,1306.57,1089.39,83.44,738.0,0.9363,5.33,0.0
2024-05-02,1636.44,1300.0,1091.26,83.67,721.0,0.9347,5.33,0.0
2024-05-03,1658.65,1310.0,1098.785,82.96,718.0,0.9283,5.33,0.0
2024-05-04,1654.9925,1311.0625,1098.96125,83.08333333333333,720.6666666666666,0.9282333333333334,5.33,0.0
2024-05-05,1651.335,1312.125,1099.1375,83.20666666666666,723.3333333333334,0.9281666666666667,5.33,0.0
2024-05-06,1647.6775,1313.1875,1099.31375,83.33,726.0,0.9281,5.33,0.0
2024-05-07,1644.02,1314.25,1099.49,83.16,724.0,0.9277,5.33,0.0
2024-05-08,1630.48,1309.5,1096.185,83.58,735.0,0.9305,5.33,0.0
2024-05-09,1634.54,1301.58,1099.02,83.88,739.0,0.9281,5.33,0.0
2024-05-10,1624.25,1283.75,1093.165,82.79,735.0,0.9285,5.33,0.0
2024-05-11,1623.89,1286.1933333333334,1093.95,82.98,736.0,0.9278333333333333,5.33,0.0
2024-05-12,1623.53,1288.6366666666665,1094.735,83.17,737.0,0.9271666666666667,5.33,0.0
2024-05-13,1623.17,1291.08,1095.52,83.36,738.0,0.9265,5.33,0.0
2024-05-14,1610.98,1276.75,1092.6,82.38,729.0,0.9244,5.33,0.0
2024-05-15,1615.23,1270.42,1097.705,82.75,730.0,0.9201,5.33,0.0
2024-05-16,1574.87,1263.91,1097.825,83.27,731.0,0.92,5.33,0.0
2024-05-17,1589.19,1277.8,1098.065,83.98,745.0,0.9198,5.33,0.0
2024-05-18,1590.3566666666668,1285.5433333333333,1097.7066666666667,83.89,746.0,0.9200999999999999,5.33,0.0
2024-05-19,1591.5233333333333,1293.2866666666666,1097.3483333333334,83.8,747.0,0.9204,5.33,0.0
2024-05-20,1592.69,1301.03,1096.99,83.71,748.0,0.9207,5.33,0.0
2024-05-21,1586.37,1310.87,1096.635,82.88,738.0,0.921,5.33,0.0
2024-05-22,1566.14,1325.77,1088.96,81.9,744.0,0.9229,5.33,0.0
2024-05-23,1565.53,1331.88,1093.19,81.36,738.0,0.9239,5.33,0.0
2024-05-24,1551.94,1344.25,1096.275,82.12,728.0,0.9213,5.33,0.0
2024-05-25,1557.4475,1352.5025,1096.84125,82.44666666666667,728.3333333333334,0.9211666666666667,5.33,0.0
2024-05-26,1562.955,1360.755,1097.4075,82.77333333333333,728.6666666666666,0.9210333333333334,5.33,0.0
2024-05-27,1568.4625,1369.0075,1097.97375,83.1,729.0,0.9209,5.33,0.0
2024-05-28,1573.97,1377.26,1098.54,84.22,735.0,0.9194,5.33,0.0
2024-05-29,1565.8,1362.62,1086.955,83.6,749.0,0.9246,5.33,0.0
2024-05-30,1556.88,1372.81,1100.63,81.86,737.0,0.9222,5.33,0.0
2024-05-31,1545.15,1383.98,1100.75,81.62,735.0,0.9221,5.33,0.0
2024-06-01,1536.8166666666668,1373.2333333333333,1102.1483333333333,80.53333333333333,732.0,0.9209333333333334,5.33,0.0
2024-06-02,1528.4833333333333,1362.4866666666667,1103.5466666666666,79.44666666666667,729.0,0.9197666666666666,5.33,0.0
2024-06-03,1520.15,1351.74,1104.945,78.36,726.0,0.9186,5.33,0.0
2024-06-04,1533.89,1333.74,1104.46,77.52,699.0,0.919,5.33,0.0
2024-06-05,1544.18,1332.0,1102.9,78.41,700.0,0.9203,5.33,0.0
2024-06-06,1562.32,1339.25,1104.46,79.87,701.0,0.919,5.33,0.0
2024-06-07,1566.11,1323.75,1097.06,79.62,720.0,0.9252,5.33,0.0
2024-06-08,1567.1633333333332,1322.4433333333334,1091.2783333333332,80.29,719.0,0.9270666666666667,5.33,0.0
2024-06-09,1568.2166666666667,1321.1366666666665,1085.4966666666667,80.96,718.0,0.9289333333333333,5.33,0.0
2024-06-10,1569.27,1319.83,1079.715,81.63,717.0,0.9308,5.33,0.0
2024-06-11,1481.79,1285.17,1077.98,81.92,732.0,0.9323,5.33,0.0
2024-06-12,1527.37,1285.42,1079.295,82.6,735.0,0.9219,5.33,0.0
2024-06-13,1564.33,1363.32,1054.9,82.75,731.0,0.929,5.33,0.0
2024-06-14,1550.07,1356.86,1048.24,82.62,763.0,0.9349,5.33,0.0
2024-06-15,1551.8266666666666,1360.1499999999999,1049.1016666666667,83.16333333333334,756.0,0.9341333333333333,5.33,0.0
2024-06-16,1553.5833333333333,1363.44,1049.9633333333334,83.70666666666666,749.0,0.9333666666666667,5.33,0.0
2024-06-17,1555.34,1366.73,1050.825,84.25,742.0,0.9326,5.33,0.0
2024-06-18,1600.87,1359.5,1047.15,85.33,750.0,0.9311,5.33,0.0
2024-06-19,1586.87,1356.92,1047.26,85.07,767.0,0.931,5.33,0.0
2024-06-20,1571.53,1348.0,1044.79,85.71,768.0,0.9332,5.33,0.0
2024-06-21,1578.35,1341.38,1052.35,85.24,766.0,0.936,5.33,0.0
2024-06-22,1575.5333333333333,1349.42,1053.8183333333334,85.49666666666667,760.6666666666666,0.9347000000000001,5.33,0.0
2024-06-23,1572.7166666666667,1357.46,1055.2866666666666,85.75333333333333,755.3333333333334,0.9334,5.33,0.0
2024-06-24,1569.9,1365.5,1056.755,86.01,750.0,0.9321,5.33,0.0
2024-06-25,1574.41,1362.99,1054.265,85.01,760.0,0.9343,5.33,0.0
2024-06-26,1569.63,1387.75,1052.01,85.25,761.0,0.9363,5.33,0.0
2024-06-27,1582.3,1396.11,1054.49,86.39,767.0,0.9341,5.33,0.0
2024-06-28,1574.11,1389.38,1050.035,86.41,756.0,0.9333,5.33,0.0
2024-06-29,1578.4966666666667,1393.0966666666668,1050.2983333333334,86.47333333333333,755.6666666666666,0.9330666666666667,5.33,0.0
2024-06-30,1582.8833333333332,1396.8133333333333,1050.5616666666667,86.53666666666666,755.3333333333334,0.9328333333333333,5.33,0.0
2024-07-01,1587.27,1400.53,1050.825,86.6,755.0,0.9326,5.33,0.0
2024-07-02,1602.3,1401.08,1057.55,86.24,773.0,0.9314,5.33,0.0
2024-07-03,1587.2,1399.07,1064.175,87.34,776.0,0.9256,5.33,0.0
2024-07-04,1594.28,1415.5,1081.085,87.43,756.0,0.925,5.33,0.0
2024-07-05,1599.15,1420.0,1082.605,86.54,760.0,0.9237,5.33,0.0
2024-07-06,1592.92,1410.3066666666666,1082.8783333333333,86.27666666666667,762.0,0.9234666666666667,5.33,0.0
2024-07-07,1586.69,1400.6133333333335,1083.1516666666666,86.01333333333334,764.0,0.9232333333333334,5.33,0.0
2024-07-08,1580.46,1390.92,1083.425,85.75,766.0,0.923,5.33,0.0
2024-07-09,1564.21,1370.25,1080.965,84.66,763.0,0.9251,5.33,0.0
2024-07-10,1564.76,1372.75,1087.9,85.08,731.0,0.9238,5.33,0.0
2024-07-11,1566.65,1373.25,1092.51,85.4,734.0,0.9199,5.33,0.0
2024-07-12,1568.55,1382.82,1095.965,85.03,740.0,0.917,5.33,0.0
2024-07-13,1566.5633333333333,1379.7966666666666,1098.1033333333332,84.97,741.0,0.9167333333333334,5.33,0.0
2024-07-14,1564.5766666666666,1376.7733333333333,1100.2416666666668,84.91,742.0,0.9164666666666667,5.33,0.0
2024-07-15,1562.59,1373.75,1102.38,84.85,743.0,0.9162,5.33,0.0
2024-07-16,1548.41,1361.66,1093.7,83.73,731.0,0.9189,5.33,0.0
2024-07-17,1550.71,1373.45,1088.025,85.08,734.0,0.9145,5.33,0.0
2024-07-18,1595.81,1376.33,1085.295,85.11,727.0,0.9168,5.33,0.0
2024-07-19,1587.56,1362.38,1094.175,82.63,709.0,0.9185,5.33,0.0
2024-07-20,1583.7433333333333,1362.6333333333334,1094.0566666666666,82.55333333333333,709.6666666666666,0.9186,5.33,0.0
2024-07-21,1579.9266666666665,1362.8866666666668,1093.9383333333333,82.47666666666667,710.3333333333334,0.9187,5.33,0.0
2024-07-22,1576.11,1363.14,1093.82,82.4,711.0,0.9188,5.33,0.0
2024-07-23,1587.71,1362.77,1090.97,81.01,701.0,0.9212,5.33,0.0
2024-07-24,1623.44,1379.67,1090.85,81.71,716.0,0.9213,5.33,0.0
2024-07-25,1622.57,1380.2,1091.32,82.37,706.0,0.9209,5.33,0.0
2024-07-26,1606.92,1362.75,1091.09,81.13,711.0,0.9211,5.33,0.0
2024-07-27,1601.4733333333334,1356.6666666666667,1089.9466666666667,80.67999999999999,718.6666666666666,0.9220666666666667,5.33,0.0
2024-07-28,1596.0266666666666,1350.5833333333333,1088.8033333333333,80.23,726.3333333333334,0.9230333333333334,5.33,0.0
2024-07-29,1590.58,1344.5,1087.66,79.78,734.0,0.924,5.33,0.0
2024-07-30,1578.14,1338.02,1085.665,78.63,712.0,0.9257,5.33,0.0
2024-07-31,1567.14,1352.45,1087.66,80.72,703.0,0.924,5.33,0.0
2024-08-01,1567.65,1341.92,1083.91,79.52,701.0,0.9272,5.33,0.0
2024-08-02,1531.08,1314.08,1097.52,76.81,693.0,0.9157,5.33,0.0
2024-08-03,1528.2533333333333,1310.1366666666665,1099.2466666666667,76.64,682.3333333333334,0.9142666666666667,5.33,0.0
2024-08-04,1525.4266666666665,1306.1933333333334,1100.9733333333334,76.47,671.6666666666666,0.9128333333333333,5.33,0.0
2024-08-05,1522.6,1302.25,1102.7,76.3,661.0,0.9114,5.33,0.0
2024-08-06,1520.97,1295.75,1087.785,76.48,659.0,0.9147,5.33,0.0
2024-08-07,1543.99,1312.0,1076.735,78.33,671.0,0.9148,5.33,0.0
2024-08-08,1540.74,1310.25,1074.625,79.16,664.0,0.9166,5.33,0.0
2024-08-09,1539.93,1310.75,1059.76,79.66,683.0,0.9153,5.33,0.0
2024-08-10,1542.55,1315.6666666666667,1056.425,80.53999999999999,679.6666666666666,0.9150333333333334,5.33,0.0
2024-08-11,1545.17,1320.5833333333333,1053.0900000000001,81.42,676.3333333333334,0.9147666666666666,5.33,0.0
2024-08-12,1547.79,1325.5,1049.755,82.3,673.0,0.9145,5.33,0.0
2024-08-13,1557.72,1323.75,1068.025,80.69,686.0,0.9129,5.33,0.0
2024-08-14,1553.11,1317.0,1075.09,79.76,680.0,0.9069,5.33,0.0
2024-08-15,1561.7,1316.43,1070.96,81.04,691.0,0.9104,5.33,0.0
2024-08-16,1541.63,1286.4,1071.665,79.68,690.0,0.9098,5.33,0.0
2024-08-17,1538.4866666666667,1284.89,1070.23,79.00666666666667,685.3333333333334,0.9079,5.33,0.0
2024-08-18,1535.3433333333335,1283.3799999999999,1068.7949999999998,78.33333333333333,680.6666666666666,0.906,5.33,0.0
2024-08-19,1532.2,1281.87,1067.36,77.66,676.0,0.9041,5.33,0.0
2024-08-20,1513.44,1289.21,1071.39,77.2,657.0,0.9007,5.33,0.0
2024-08-21,1521.36,1305.19,1057.435,76.05,642.0,0.8984,5.33,0.0
2024-08-22,1520.48,1304.38,1055.205,77.22,644.0,0.9003,5.33,0.0
2024-08-23,1531.63,1313.67,1063.355,79.02,641.0,0.8934,5.33,0.0
2024-08-24,1538.1975000000002,1313.69,1059.88125,79.82333333333334,651.6666666666666,0.8941,5.33,0.0
2024-08-25,1544.765,1313.71,1056.4075,80.62666666666667,662.3333333333334,0.8947999999999999,5.33,0.0
2024-08-26,1551.3325,1313.73,1052.9337500000001,81.43,673.0,0.8955,5.33,0.0
2024-08-27,1557.9,1313.75,1049.46,79.55,671.0,0.8957,5.33,0.0
2024-08-28,1561.12,1320.47,1046.075,78.65,654.0,0.8986,5.33,0.0
2024-08-29,1618.66,1332.17,1030.13,79.94,660.0,0.9028,5.33,0.0
2024-08-30,1642.62,1329.69,1028.65,78.8,665.0,0.9041,5.33,0.0
2024-08-31,1641.5,1334.6566666666668,1028.7633333333333,78.37333333333333,658.6666666666666,0.904,5.33,0.0
2024-09-01,1640.3799999999999,1339.6233333333332,1028.8766666666668,77.94666666666666,652.3333333333334,0.9039,5.33,0.0
2024-09-02,1639.26,1344.59,1028.99,77.52,646.0,0.9038,5.33,0.0
2024-09-03,1622.03,1325.69,1026.72,73.75,649.0,0.9058,5.33,0.0
2024-09-04,1609.67,1326.28,1030.585,72.7,631.0,0.9024,5.33,0.0
2024-09-05,1609.91,1319.5,1042.13,72.69,641.0,0.902,5.33,0.0
2024-09-06,1592.85,1313.75,1043.75,71.06,624.0,0.9006,5.33,0.0
2024-09-07,1591.1333333333332,1305.5,1041.79,71.32000000000001,619.0,0.9023,5.33,0.0
2024-09-08,1589.4166666666667,1297.25,1039.83,71.58,614.0,0.9039999999999999,5.33,0.0
2024-09-09,1587.7,1289.0,1037.87,71.84,609.0,0.9057,5.33,0.0
2024-09-10,1510.32,1266.75,1030.76,69.19,603.0,0.9071,5.33,0.0
2024-09-11,1504.36,1266.25,1018.495,70.61,599.0,0.9082,5.33,0.0
2024-09-12,1534.33,1293.91,1020.745,71.97,600.0,0.9062,5.33,0.0
2024-09-13,1523.96,1284.34,1036.7,71.61,605.0,0.9019,5.33,0.0
2024-09-14,1521.3500000000001,1276.9299999999998,1037.815,71.99,601.0,0.9009333333333334,5.33,0.0
2024-09-15,1518.74,1269.52,1038.93,72.37,597.0,0.8999666666666667,5.33,0.0
2024-09-16,1516.13,1262.11,1040.045,72.75,593.0,0.899,5.33,0.0
2024-09-17,1524.34,1244.69,1028.35,73.7,595.0,0.8995,5.33,0.0
2024-09-18,1533.13,1247.8,1022.79,73.65,605.0,0.8995,5.33,0.0
2024-09-19,1544.32,1264.46,1013.59,74.88,616.0,0.8978,5.33,0.0
2024-09-20,1585.55,1302.77,1013.59,74.49,622.0,0.8978,5.33,0.0
2024-09-21,1583.5566666666666,1298.2633333333333,1013.4383333333334,74.29333333333334,628.0,0.8979333333333334,5.33,0.0
2024-09-22,1581.5633333333333,1293.7566666666667,1013.2866666666666,74.09666666666666,634.0,0.8980666666666667,5.33,0.0
2024-09-23,1579.57,1289.25,1013.135,73.9,640.0,0.8982,5.33,0.0
2024-09-24,1588.48,1287.48,1014.605,75.17,632.0,0.8969,5.33,0.0
2024-09-25,1592.06,1280.78,1060.03,73.46,622.0,0.8962,5.33,0.0
2024-09-26,1576.42,1286.34,1061.81,71.6,610.0,0.8947,5.33,0.0
2024-09-27,1574.02,1279.63,1055.04,71.98,610.0,0.8957,5.33,0.0
2024-09-28,1576.5,1281.92,1049.1116666666667,71.91,613.0,0.896,5.33,0.0
2024-09-29,1578.98,1284.21,1043.1833333333334,71.84,616.0,0.8963,5.33,0.0
2024-09-30,1581.46,1286.5,1037.255,71.77,619.0,0.8966,5.33,0.0
2024-10-01,1595.88,1333.31,1029.445,73.56,623.0,0.9034,5.33,0.0
2024-10-02,1593.03,1301.46,1027.06,73.9,641.0,0.9055,5.33,0.0
2024-10-03,1618.22,1340.4,1018.835,77.62,642.0,0.9079,5.33,0.0
2024-10-04,1646.02,1397.92,1030.475,78.05,678.0,0.9122,5.33,0.0
2024-10-05,1655.8,1409.28,1040.0366666666666,79.01,681.3333333333334,0.9118333333333334,5.33,0.0
2024-10-06,1665.58,1420.64,1049.5983333333334,79.97,684.6666666666666,0.9114666666666666,5.33,0.0
2024-10-07,1675.36,1432.0,1059.16,80.93,688.0,0.9111,5.33,0.0
2024-10-08,1674.91,1414.0,1058.345,77.18,678.0,0.9118,5.33,0.0
2024-10-09,1677.53,1429.5,1051.48,76.58,669.0,0.913,5.33,0.0
2024-10-10,1688.37,1423.0,1048.835,79.4,681.0,0.9153,5.33,0.0
2024-10-11,1691.98,1403.83,1051.135,79.04,687.0,0.9133,5.33,0.0
2024-10-12,1685.66,1394.97,1049.9116666666666,78.51333333333334,680.6666666666666,0.9143666666666667,5.33,0.0
2024-10-13,1679.34,1386.11,1048.6883333333333,77.98666666666666,674.3333333333334,0.9154333333333333,5.33,0.0
2024-10-14,1673.02,1377.25,1047.465,77.46,668.0,0.9165,5.33,0.0
2024-10-15,1636.13,1376.53,1046.89,74.25,638.0,0.917,5.33,0.0
2024-10-16,1633.41,1389.69,1044.16,74.22,637.0,0.9194,5.33,0.0
2024-10-17,1638.74,1391.36,1039.525,74.45,634.0,0.9235,5.33,0.0
2024-10-18,1625.42,1392.31,1042.46,73.06,637.0,0.9209,5.33,0.0
2024-10-19,1642.89,1391.7633333333333,1043.285,73.47,639.3333333333334,0.9217666666666667,5.33,0.0
2024-10-20,1660.36,1391.2166666666667,1044.11,73.88000000000001,641.6666666666666,0.9226333333333333,5.33,0.0
2024-10-21,1677.83,1390.67,1044.935,74.29,644.0,0.9235,5.33,0.0
2024-10-22,1717.59,1403.22,1032.655,76.04,655.0,0.9248,5.33,0.0
2024-10-23,1711.3,1398.42,1056.6,74.96,653.0,0.9275,5.33,0.0
2024-10-24,1709.22,1411.5,1058.54,74.38,677.0,0.9258,5.33,0.0
2024-10-25,1720.09,1403.03,1060.605,76.05,667.0,0.924,5.33,0.0
2024-10-26,1712.9666666666667,1394.6766666666667,1055.27,74.50666666666666,658.6666666666666,0.9239333333333334,5.33,0.0
2024-10-27,1705.8433333333332,1386.3233333333333,1049.935,72.96333333333334,650.3333333333334,0.9238666666666666,5.33,0.0
2024-10-28,1698.72,1377.97,1044.6,71.42,642.0,0.9238,5.33,0.0
2024-10-29,1709.43,1384.51,1063.945,71.12,641.0,0.9258,5.33,0.0
2024-10-30,1739.89,1418.31,1075.15,72.55,648.0,0.9208,5.33,0.0
2024-10-31,1762.55,1415.19,1074.92,73.16,653.0,0.921,5.33,0.0
2024-11-01,1798.27,1431.78,1073.985,73.1,661.0,0.9218,5.33,0.0
2024-11-02,1826.01,1430.1299999999999,1075.2716666666665,73.75999999999999,666.3333333333334,0.9207,5.33,0.0
2024-11-03,1853.75,1428.48,1076.5583333333334,74.42,671.6666666666666,0.9196,5.33,0.0
2024-11-04,1881.49,1426.83,1077.845,75.08,677.0,0.9185,5.33,0.0
2024-11-05,1895.03,1423.5,1097.28,75.53,687.0,0.9159,5.33,0.0
2024-11-06,1914.17,1407.5,1078.555,74.92,666.0,0.9318,5.33,0.0
2024-11-07,2037.95,1419.33,1094.81,75.63,666.0,0.9271,5.33,0.0
2024-11-08,2102.15,1428.25,1094.185,73.87,670.0,0.9322,5.33,0.0
2024-11-09,2140.55,1436.5833333333333,1095.1316666666667,73.19,668.6666666666666,0.9344333333333333,5.33,0.0
2024-11-10,2178.95,1444.9166666666667,1096.0783333333334,72.51,667.3333333333334,0.9366666666666666,5.33,0.0
2024-11-11,2217.35,1453.25,1097.025,71.83,666.0,0.9389,5.33,0.0
2024-11-12,2322.71,1459.75,1092.835,71.89,655.0,0.9425,5.33,0.0
2024-11-13,2452.54,1471.25,1089.255,72.28,657.0,0.9456,5.33,0.0
2024-11-14,2652.91,1468.36,1110.88,72.56,663.0,0.9452,5.33,0.0
2024-11-15,2649.39,1495.11,1118.265,71.04,659.0,0.9479,5.33,0.0
2024-11-16,2650.4566666666665,1483.4833333333333,1129.5416666666667,71.79333333333334,658.3333333333334,0.9473,5.33,0.0
2024-11-17,2651.5233333333335,1471.8566666666666,1140.8183333333334,72.54666666666667,657.6666666666666,0.9467,5.33,0.0
2024-11-18,2652.59,1460.23,1152.095,73.3,657.0,0.9461,5.33,0.0
2024-11-19,2275.76,1436.5,1154.175,73.31,675.0,0.9444,5.33,0.0
2024-11-20,1980.74,1404.45,1146.16,72.81,667.0,0.951,5.33,0.0
2024-11-21,1849.22,1361.72,1138.155,74.23,670.0,0.9533,5.33,0.0
2024-11-22,1893.49,1374.58,1122.66,75.17,668.0,0.962,5.33,0.0
2024-11-23,1895.0566666666666,1370.58,1124.0900000000001,74.45,669.0,0.9592999999999999,5.33,0.0
2024-11-24,1896.6233333333334,1366.58,1125.52,73.73,670.0,0.9566,5.33,0.0
2024-11-25,1898.19,1362.58,1126.95,73.01,671.0,0.9539,5.33,0.0
2024-11-26,1896.32,1360.36,1136.125,72.81,665.0,0.955,5.33,0.0
2024-11-27,1848.83,1377.77,1145.72,72.83,659.0,0.947,5.33,0.0
2024-11-28,1843.34,1416.04,1155.185,73.28,650.0,0.9479,5.33,0.0
2024-11-29,1863.97,1447.0,1155.305,72.94,648.0,0.9478,5.33,0.0
2024-11-30,1825.9833333333333,1442.9566666666667,1153.2450000000001,72.57,645.3333333333334,0.9495,5.33,0.0
2024-12-01,1787.9966666666667,1438.9133333333332,1151.185,72.2,642.6666666666666,0.9511999999999999,5.33,0.0
2024-12-02,1750.01,1434.87,1149.125,71.83,640.0,0.9529,5.33,0.0
2024-12-03,1786.11,1479.06,1151.055,73.62,641.0,0.9513,5.33,0.0
2024-12-04,1814.67,1469.92,1153.115,72.31,647.0,0.9496,5.33,0.0
2024-12-05,1856.75,1435.42,1162.665,72.09,626.0,0.9461,5.33,0.0
2024-12-06,1846.46,1447.75,1172.99,71.12,627.0,0.9463,5.33,0.0
2024-12-07,1866.7433333333333,1441.8333333333333,1175.2066666666667,71.46000000000001,629.3333333333334,0.9459333333333334,5.33,0.0
2024-12-08,1887.0266666666666,1435.9166666666667,1177.4233333333334,71.8,631.6666666666666,0.9455666666666667,5.33,0.0
2024-12-09,1907.31,1430.0,1179.64,72.14,634.0,0.9452,5.33,0.0
2024-12-10,1872.91,1433.75,1171.465,72.19,632.0,0.9518,5.33,0.0
2024-12-11,1924.32,1398.75,1184.86,73.52,631.0,0.9537,5.33,0.0
2024-12-12,1920.8,1401.5,1185.235,73.41,637.0,0.9534,5.33,0.0
2024-12-13,1941.84,1410.92,1191.35,74.49,650.0,0.9527,5.33,0.0
2024-12-14,1940.4866666666667,1403.9766666666667,1191.6416666666667,74.29666666666667,649.0,0.9524666666666667,5.33,0.0
2024-12-15,1939.1333333333332,1397.0333333333333,1191.9333333333332,74.10333333333332,648.0,0.9522333333333333,5.33,0.0
2024-12-16,1937.78,1390.09,1192.225,73.91,647.0,0.952,5.33,0.0
2024-12-17,1869.57,1393.83,1191.6,73.19,636.0,0.9525,5.33,0.0
2024-12-18,1919.9,1399.37,1189.35,73.39,655.0,0.9543,5.33,0.0
2024-12-19,1869.02,1372.91,1167.98,72.88,643.0,0.9632,5.33,0.0
2024-12-20,1838.87,1368.75,1171.875,72.94,638.0,0.96,5.33,0.0
2024-12-21,1827.1333333333332,1370.1233333333332,1174.61,72.83666666666666,640.3333333333334,0.9606,5.33,0.0
2024-12-22,1815.3966666666668,1371.4966666666667,1177.345,72.73333333333333,642.6666666666666,0.9611999999999999,5.33,0.0
2024-12-23,1803.66,1372.87,1180.08,72.63,645.0,0.9618,5.33,0.0
2024-12-24,1776.22,1394.63,1179.71,73.58,636.0,0.9625,5.33,0.0
2024-12-25,1777.5166666666667,1398.2833333333333,1181.0216666666668,73.42,636.0,0.9613,5.33,0.0
2024-12-26,1778.8133333333333,1401.9366666666667,1182.3333333333333,73.26,650.0,0.9601,5.33,0.0
2024-12-27,1780.11,1405.59,1183.645,74.17,636.0,0.9589,5.33,0.0
2024-12-28,1786.2,1406.9366666666667,1181.64,74.24333333333334,639.0,0.9605333333333334,5.33,0.0
2024-12-29,1792.29,1408.2833333333333,1179.635,74.31666666666666,642.0,0.9621666666666666,5.33,0.0
2024-12-30,1798.38,1409.63,1177.63,74.39,645.0,0.9638,5.33,0.0
2024-12-31,1814.21,1407.41,1182.17,74.64,653.0,0.9659,5.33,0.0
2025-01-01,1822.095,1404.69,1173.0774999999999,75.285,653.0,0.9659,5.33,0.0
2025-01-02,1829.98,1401.97,1163.985,75.93,660.0,0.9751,5.33,661.38
2025-01-03,1823.25,1380.75,1168.175,76.51,654.0,0.9716,5.33,663.76
2025-01-04,1819.97,1372.8333333333333,1171.8983333333333,76.44,656.6666666666666,0.9685333333333334,5.33,665.8733333333333
2025-01-05,1816.69,1364.9166666666667,1175.6216666666667,76.37,659.3333333333334,0.9654666666666667,5.33,667.9866666666667
2025-01-06,1813.41,1357.0,1179.345,76.3,662.0,0.9624,5.33,670.1
2025-01-07,1804.83,1351.0,1176.53,77.05,666.0,0.9647,5.33,668.51
2025-01-08,1798.56,1355.2,1164.59,76.16,661.0,0.9703,5.33,664.65
2025-01-09,1814.27,1372.25,1163.27,76.92,659.0,0.9714,5.33,663.89
2025-01-10,1855.75,1389.08,1156.485,79.76,680.0,0.9771,5.33,660.02
2025-01-11,1888.8866666666668,1396.62,1155.1866666666665,80.17666666666668,687.0,0.9782,5.33,659.28
2025-01-12,1922.0233333333333,1404.16,1153.8883333333333,80.59333333333333,694.0,0.9793000000000001,5.33,658.54
2025-01-13,1955.16,1411.7,1152.59,81.01,701.0,0.9804,5.33,657.8
2025-01-14,1944.32,1428.75,1163.27,79.92,706.0,0.9714,5.33,663.89
2025-01-15,1963.38,1444.09,1162.675,82.03,701.0,0.9719,5.33,663.55
2025-01-16,1957.46,1423.13,1163.27,81.29,710.0,0.9714,5.33,663.89
2025-01-17,1956.11,1422.38,1162.91,80.79,707.0,0.9717,5.33,663.69
2025-01-18,1953.5133333333333,1423.3166666666668,1166.9816666666668,80.57666666666667,708.6666666666666,0.9683333333333334,5.33,666.0133333333333
2025-01-19,1950.9166666666665,1424.2533333333333,1171.0533333333333,80.36333333333334,710.3333333333334,0.9649666666666666,5.33,668.3366666666667
2025-01-20,1948.32,1425.19,1175.125,80.15,712.0,0.9616,5.33,670.66
2025-01-21,1937.58,1423.03,1175.615,79.29,707.0,0.9612,5.33,670.94
2025-01-22,1894.63,1412.72,1182.17,79.0,700.0,0.9601,5.33,671.71
2025-01-23,1889.9,1400.27,1181.675,78.29,679.0,0.9605,5.33,671.43
2025-01-24,1875.88,1411.75,1193.355,78.5,684.0,0.9511,5.33,678.06
2025-01-25,1869.5700000000002,1410.26,1194.6466666666668,78.02666666666667,676.6666666666666,0.9514666666666667,5.33,677.8
2025-01-26,1863.26,1408.77,1195.9383333333333,77.55333333333333,669.3333333333334,0.9518333333333333,5.33,677.54
2025-01-27,1856.95,1407.28,1197.23,77.08,662.0,0.9522,5.33,677.28
2025-01-28,1853.37,1411.97,1188.865,77.49,665.0,0.9589,5.33,672.55
2025-01-29,1858.99,1416.56,1187.5,76.58,660.0,0.96,5.33,671.78
2025-01-30,1848.91,1422.19,1188.365,76.87,652.0,0.9593,5.33,672.27
2025-01-31,1850.11,1427.8,1184.905,76.76,653.0,0.9621,5.33,670.31
2025-02-01,1851.9199999999998,1427.47,1181.9716666666666,76.49333333333334,659.3333333333334,0.9645,5.33,668.65
2025-02-02,1853.73,1427.1399999999999,1179.0383333333334,76.22666666666666,665.6666666666666,0.9669,5.33,666.99
2025-02-03,1855.54,1426.81,1176.105,75.96,672.0,0.9693,5.33,665.33
2025-02-04,1864.47,1424.22,1182.82,76.2,658.0,0.9638,5.33,669.13
2025-02-05,1850.96,1406.75,1187.62,74.61,656.0,0.9599,5.33,671.85
2025-02-06,1849.07,1400.0,1182.82,74.29,652.0,0.9638,5.33,669.13
2025-02-07,1843.56,1406.75,1189.245,74.66,658.0,0.967,5.33,666.92
2025-02-08,1847.6233333333332,1409.0833333333333,1188.0583333333332,75.06333333333333,661.0,0.9679666666666666,5.33,666.2533333333333
2025-02-09,1851.6866666666667,1411.4166666666667,1186.8716666666667,75.46666666666667,664.0,0.9689333333333333,5.33,665.5866666666666
2025-02-10,1855.75,1413.75,1185.685,75.87,667.0,0.9699,5.33,664.92
2025-02-11,1873.08,1420.33,1195.035,77.0,679.0,0.9665,5.33,667.26
2025-02-12,1816.21,1417.64,1196.025,75.18,670.0,0.9657,5.33,667.81
2025-02-13,1734.65,1408.72,1216.71,75.02,659.0,0.9575,5.33,673.53
2025-02-14,1701.0,1422.16,1223.74,74.74,667.0,0.952,5.33,677.42
2025-02-15,1699.6766666666667,1417.6066666666668,1222.7566666666667,74.89999999999999,665.3333333333334,0.9527666666666667,5.33,676.8766666666667
2025-02-16,1698.3533333333332,1413.0533333333333,1221.7733333333333,75.06,663.6666666666666,0.9535333333333333,5.33,676.3333333333333
2025-02-17,1697.03,1408.5,1220.79,75.22,662.0,0.9543,5.33,675.79
2025-02-18,1701.17,1414.28,1218.75,75.84,669.0,0.9559,5.33,674.66
2025-02-19,1704.76,1413.19,1207.205,76.04,672.0,0.9609,5.33,671.15
2025-02-20,1724.53,1422.97,1213.895,76.48,678.0,0.9556,5.33,674.87
2025-02-21,1711.35,1409.88,1212.375,74.43,675.0,0.9568,5.33,674.03
2025-02-22,1709.1166666666666,1408.4866666666667,1213.095,74.54666666666667,678.6666666666666,0.9562333333333333,5.33,674.3533333333334
2025-02-23,1706.8833333333334,1407.0933333333335,1213.815,74.66333333333334,682.3333333333334,0.9556666666666667,5.33,674.6766666666666
2025-02-24,1704.65,1405.7,1214.535,74.78,686.0,0.9551,5.33,675.0
2025-02-25,1685.51,1396.03,1217.98,73.02,660.0,0.9524,5.33,677.14
2025-02-26,1672.29,1387.33,1219.0,72.53,658.0,0.9516,5.33,677.71
2025-02-27,1683.79,1406.94,1207.075,74.04,646.0,0.961,5.33,671.08
2025-02-28,1659.73,1440.98,1209.55,73.18,644.0,0.9611,5.33,671.01
2025-03-01,1672.0633333333333,1442.06,1213.98,72.66000000000001,644.3333333333334,0.9582999999999999,5.33,672.9833333333333
2025-03-02,1684.3966666666668,1443.14,1218.4099999999999,72.14,644.6666666666666,0.9555,5.33,674.9566666666666
2025-03-03,1696.73,1444.22,1222.84,71.62,645.0,0.9527,5.33,676.93
2025-03-04,1702.01,1453.24,1237.365,71.04,626.0,0.9496,5.33,679.14
2025-03-05,1670.13,1443.25,1266.025,69.3,620.0,0.9281,5.33,694.87
2025-03-06,1703.9,1449.75,1272.475,69.46,623.0,0.9234,5.33,698.41
2025-03-07,1737.39,1447.0,1270.08,70.36,620.0,0.9212,5.33,700.07
2025-03-08,1732.0933333333335,1446.9733333333334,1269.3933333333332,70.0,621.0,0.9217,5.33,699.69
2025-03-09,1726.7966666666666,1446.9466666666667,1268.7066666666667,69.64,622.0,0.9222,5.33,699.31
2025-03-10,1721.5,1446.92,1268.02,69.28,623.0,0.9227,5.33,698.93
2025-03-11,1733.33,1444.25,1272.53,69.56,620.0,0.9155,5.33,704.43
2025-03-12,1736.85,1455.38,1277.29,70.95,615.0,0.916,5.33,704.05
2025-03-13,1727.88,1448.22,1254.75,69.88,613.0,0.9205,5.33,700.61
2025-03-14,1724.05,1465.57,1256.53,70.58,606.0,0.9192,5.33,701.6
2025-03-15,1724.7733333333333,1467.9166666666665,1258.0833333333333,70.74333333333333,607.3333333333334,0.9180666666666667,5.33,702.4666666666667
2025-03-16,1725.4966666666667,1470.2633333333333,1259.6366666666668,70.90666666666667,608.6666666666666,0.9169333333333333,5.33,703.3333333333334
2025-03-17,1726.22,1472.61,1261.19,71.07,610.0,0.9158,5.33,704.2
2025-03-18,1724.69,1481.19,1240.845,70.56,610.0,0.9147,5.33,705.05
2025-03-19,1730.2,1501.28,1235.575,70.78,615.0,0.9186,5.33,702.05
2025-03-20,1738.56,1506.5,1226.125,72.0,630.0,0.9216,5.33,699.77
2025-03-21,1740.46,1504.75,1222.28,72.16,627.0,0.9245,5.33,697.57
2025-03-22,1748.3133333333333,1501.75,1221.84,72.44,631.6666666666666,0.9248333333333333,5.33,697.32
2025-03-23,1756.1666666666667,1498.75,1221.4,72.72,636.3333333333334,0.9251666666666667,5.33,697.07
2025-03-24,1764.02,1495.75,1220.96,73.0,641.0,0.9255,5.33,696.82
2025-03-25,1789.93,1503.5,1221.755,73.02,650.0,0.9249,5.33,697.27
2025-03-26,1811.3,1510.39,1229.51,73.79,656.0,0.9272,5.33,695.54
2025-03-27,1787.71,1509.86,1230.57,74.03,656.0,0.9264,5.33,696.14
2025-03-28,1805.25,1516.39,1234.835,73.63,653.0,0.9232,5.33,698.56
2025-03-29,1815.4733333333334,1521.88,1233.945,74.0,658.6666666666666,0.9238666666666667,5.33,698.0566666666666
2025-03-30,1825.6966666666667,1527.37,1233.055,74.36999999999999,664.3333333333334,0.9245333333333333,5.33,697.5533333333333
2025-03-31,1835.92,1532.86,1232.165,74.74,670.0,0.9252,5.33,697.05
2025-04-01,1886.58,1553.47,1231.9,74.49,665.0,0.9254,5.33,696.9
2025-04-02,1861.12,1537.08,1243.08,74.95,662.0,0.9211,5.33,700.15
2025-04-03,1787.68,1474.47,1267.435,70.14,640.0,0.9034,5.33,713.87
2025-04-04,1759.96,1473.97,1257.825,65.58,608.0,0.9103,5.33,708.46
2025-04-05,1756.53,1463.4333333333334,1251.8933333333334,65.12333333333333,605.0,0.9119666666666667,5.33,707.1700000000001
2025-04-06,1753.1000000000001,1452.8966666666665,1245.9616666666666,64.66666666666666,602.0,0.9136333333333333,5.33,705.88
2025-04-07,1749.67,1442.36,1240.03,64.21,599.0,0.9153,5.33,704.59
2025-04-08,1759.87,1428.75,1205.545,62.82,594.0,0.9166,5.33,703.59
2025-04-09,1749.27,1394.15,1221.265,65.48,570.0,0.9048,5.33,712.76
2025-04-10,1798.74,1452.75,1224.695,63.33,588.0,0.8941,5.33,721.29
2025-04-11,1779.75,1458.5,1240.09,64.76,587.0,0.883,5.33,730.36
2025-04-12,1791.2466666666667,1457.14,1241.31,64.8,591.3333333333334,0.8821333333333333,5.33,731.08
2025-04-13,1802.7433333333333,1455.78,1242.53,64.84,595.6666666666666,0.8812666666666666,5.33,731.8
2025-04-14,1814.24,1454.42,1243.75,64.88,600.0,0.8804,5.33,732.52
2025-04-15,1811.62,1444.5,1222.135,64.67,603.0,0.8837,5.33,729.78
2025-04-16,1824.0,1455.48,1209.95,65.85,601.0,0.8802,5.33,732.68
2025-04-17,1842.94,1461.54,1211.19,67.96,612.0,0.8794,5.33,733.35
2025-04-18,1849.9180000000001,1459.45,1213.47,67.535,617.0,0.87774,5.33,734.748
2025-04-19,1856.896,1457.36,1215.75,67.11,615.0,0.87608,5.33,736.1460000000001
2025-04-20,1863.874,1455.27,1218.03,66.685,613.0,0.87442,5.33,737.544
2025-04-21,1870.8519999999999,1453.1799999999998,1220.31,66.26,611.0,0.87276,5.33,738.942
2025-04-22,1877.83,1451.09,1222.59,67.44,619.0,0.8711,5.33,740.34
2025-04-23,1864.05,1440.15,1210.64,66.12,617.0,0.8797,5.33,733.1
2025-04-24,1848.77,1447.8,1209.265,66.55,617.0,0.8807,5.33,732.27
2025-04-25,1854.95,1453.5,1210.23,66.87,616.0,0.88,5.33,732.85
2025-04-26,1859.1533333333334,1451.4633333333334,1210.7333333333333,66.53333333333333,616.0,0.8796333333333334,5.33,733.1566666666666
2025-04-27,1863.3566666666666,1449.4266666666667,1211.2366666666667,66.19666666666667,616.0,0.8792666666666666,5.33,733.4633333333334
2025-04-28,1867.56,1447.39,1211.74,65.86,616.0,0.8789,5.33,733.77
2025-04-29,1878.64,1445.87,1196.99,64.25,604.0,0.8772,5.33,735.19
2025-04-30,1874.04,1459.7,1191.285,63.12,585.0,0.8814,5.33,731.69
2025-05-01,1878.29,1435.88,1184.03,62.13,572.0,0.8868,5.33,727.23
2025-05-02,1874.11,1428.02,1190.61,61.29,581.0,0.8819,5.33,731.27
2025-05-03,1877.2875,1425.7024999999999,1190.84625,60.93666666666667,580.6666666666666,0.8821666666666667,5.33,731.415
2025-05-04,1880.465,1423.385,1191.0825,60.58333333333333,580.3333333333334,0.8824333333333334,5.33,731.56
2025-05-05,1883.6425,1421.0675,1191.31875,60.23,580.0,0.8827,5.33,731.705
2025-05-06,1886.82,1418.75,1191.555,62.15,582.0,0.8812,5.33,731.85
2025-05-07,1873.01,1366.0,1163.315,61.12,581.0,0.8811,5.33,731.93
2025-05-08,1924.47,1381.75,1183.9,62.84,586.0,0.8869,5.33,727.15
2025-05-09,1933.4,1403.75,1182.965,63.91,595.0,0.8876,5.33,726.57
2025-05-10,1937.9166666666667,1401.9166666666667,1177.8333333333333,64.25999999999999,601.0,0.8915,5.33,723.4200000000001
2025-05-11,1942.4333333333334,1400.0833333333333,1172.7016666666666,64.61,607.0,0.8954,5.33,720.27
2025-05-12,1946.95,1398.25,1167.57,64.96,613.0,0.8993,5.33,717.12
2025-05-13,1939.9,1397.5,1173.185,66.63,621.0,0.895,5.33,720.57
2025-05-14,1944.78,1404.5,1176.21,66.09,619.0,0.8927,5.33,722.42
2025-05-15,1898.97,1375.22,1168.905,64.53,617.0,0.894,5.33,721.37
2025-05-16,1893.97,1383.1,1164.605,65.41,613.0,0.8973,5.33,718.72
2025-05-17,1893.1566666666668,1381.99,1168.5833333333333,65.45333333333333,615.3333333333334,0.8942666666666667,5.33,721.1733333333334
2025-05-18,1892.3433333333332,1380.8799999999999,1172.5616666666667,65.49666666666667,617.6666666666666,0.8912333333333333,5.33,723.6266666666667
2025-05-19,1891.53,1379.77,1176.54,65.54,620.0,0.8882,5.33,726.08
2025-05-20,1886.27,1399.81,1176.54,65.38,621.0,0.8882,5.33,726.08
2025-05-21,1884.94,1398.77,1184.94,64.91,613.0,0.8819,5.33,731.27
2025-05-22,1880.22,1389.41,1173.42,64.44,602.0,0.8863,5.33,727.64
2025-05-23,1916.33,1399.16,1173.07,64.78,606.0,0.8823,5.33,730.94
2025-05-24,1914.2575,1398.4950000000001,1170.27,64.76666666666667,605.6666666666666,0.8811333333333333,5.33,730.96
2025-05-25,1912.185,1397.83,1167.4699999999998,64.75333333333333,605.3333333333334,0.8799666666666667,5.33,730.98
2025-05-26,1910.1125,1397.165,1164.6699999999998,64.74,605.0,0.8788,5.33,731.0
2025-05-27,1908.04,1396.5,1161.87,64.09,603.0,0.8822,5.33,731.02
2025-05-28,1912.76,1391.78,1174.61,64.9,606.0,0.8854,5.33,728.38
2025-05-29,1895.82,1381.06,1181.685,64.15,613.0,0.8801,5.33,732.77
2025-05-30,1866.57,1370.81,1174.4,63.9,607.0,0.8813,5.33,731.77
2025-05-31,1873.9933333333333,1376.5233333333333,1179.3966666666668,64.14333333333333,604.6666666666666,0.879,5.33,733.6933333333333
2025-06-01,1881.4166666666665,1382.2366666666667,1184.3933333333334,64.38666666666666,602.3333333333334,0.8766999999999999,5.33,735.6166666666667
2025-06-02,1888.84,1387.95,1189.39,64.63,600.0,0.8744,5.33,737.54
2025-06-03,1914.21,1390.36,1183.3,65.63,603.0,0.8789,5.33,733.77
2025-06-04,1923.17,1377.55,1188.165,64.86,611.0,0.8753,5.33,736.78
2025-06-05,1945.41,1382.85,1179.435,65.34,608.0,0.8733,5.33,738.47
2025-06-06,2001.02,1408.65,1172.985,66.47,612.0,0.8781,5.33,734.43
2025-06-07,2012.0966666666666,1413.4066666666668,1174.0133333333333,66.66,615.3333333333334,0.8773333333333333,5.33,735.0733333333333
2025-06-08,2023.1733333333334,1418.1633333333334,1175.0416666666665,66.85000000000001,618.6666666666666,0.8765666666666667,5.33,735.7166666666667
2025-06-09,2034.25,1422.92,1176.07,67.04,622.0,0.8758,5.33,736.36
2025-06-10,2035.69,1429.5,1176.07,66.87,621.0,0.8758,5.33,736.36
2025-06-11,2009.24,1423.25,1182.82,69.77,620.0,0.8708,5.33,740.59
2025-06-12,2018.96,1434.72,1192.13,69.36,631.0,0.864,5.33,746.42
2025-06-13,2028.71,1425.41,1190.61,74.23,686.0,0.8651,5.33,745.47
2025-06-14,2033.0233333333333,1434.3300000000002,1193.5549999999998,73.89666666666668,689.0,0.8643666666666666,5.33,746.1033333333334
2025-06-15,2037.3366666666668,1443.25,1196.5,73.56333333333333,692.0,0.8636333333333334,5.33,746.7366666666667
2025-06-16,2041.65,1452.17,1199.445,73.23,695.0,0.8629,5.33,747.37
2025-06-17,2089.13,1470.5,1192.81,76.45,710.0,0.8677,5.33,743.24
2025-06-18,2091.13,1478.76,1192.12,76.7,724.0,0.8682,5.33,742.81
2025-06-19,2143.04,1488.59,1204.125,78.85,755.0,0.872,5.33,739.57
2025-06-20,2216.44,1480.08,1233.575,77.01,746.0,0.8674,5.33,743.49
2025-06-21,2211.31,1467.0133333333333,1234.0483333333334,75.16666666666667,741.0,0.8670666666666667,5.33,743.7766666666666
2025-06-22,2206.1800000000003,1453.9466666666667,1234.5216666666665,73.32333333333334,736.0,0.8667333333333332,5.33,744.0633333333334
2025-06-23,2201.05,1440.88,1234.995,71.48,731.0,0.8664,5.33,744.35
2025-06-24,2121.7,1409.13,1238.515,67.14,654.0,0.8599,5.33,749.98
2025-06-25,2134.39,1429.34,1238.225,67.68,660.0,0.8601,5.33,749.8
2025-06-26,2142.04,1438.91,1245.905,67.73,665.0,0.8548,5.33,754.45
2025-06-27,2122.51,1463.05,1253.66,67.77,671.0,0.8535,5.33,755.6
2025-06-28,2122.7333333333336,1463.9666666666667,1254.6416666666667,67.71666666666667,670.0,0.8528333333333333,5.33,756.1933333333334
2025-06-29,2122.9566666666665,1464.8833333333332,1255.6233333333334,67.66333333333333,669.0,0.8521666666666667,5.33,756.7866666666666
2025-06-30,2123.18,1465.8,1256.605,67.61,668.0,0.8515,5.33,757.38
2025-07-01,2136.09,1501.66,1230.135,67.11,665.0,0.8495,5.33,759.16
2025-07-02,2146.71,1494.97,1236.46,69.11,668.0,0.8492,5.33,759.43
2025-07-03,2155.14,1483.5,1246.765,68.8,690.0,0.8502,5.33,758.54
2025-07-04,2163.27,1461.0,1225.26,68.3,690.0,0.8488,5.33,759.79
2025-07-05,2152.4666666666667,1458.25,1231.405,68.72666666666666,693.6666666666666,0.8499666666666666,5.33,758.75
2025-07-06,2141.6633333333334,1455.5,1237.55,69.15333333333334,697.3333333333334,0.8511333333333333,5.33,757.7099999999999
2025-07-07,2130.86,1452.75,1243.695,69.58,701.0,0.8523,5.33,756.67
2025-07-08,2146.56,1429.58,1241.075,70.15,725.0,0.8541,5.33,755.07
2025-07-09,2142.5,1451.7,1246.78,70.19,727.0,0.8542,5.33,754.98
2025-07-10,2127.61,1447.0,1244.74,68.64,707.0,0.8556,5.33,753.75
2025-07-11,2149.81,1462.25,1239.62,70.36,707.0,0.8551,5.33,754.19
2025-07-12,2146.02,1460.4166666666667,1239.2333333333333,69.97666666666666,708.6666666666666,0.8553666666666666,5.33,753.9533333333334
2025-07-13,2142.23,1458.5833333333333,1238.8466666666666,69.59333333333333,710.3333333333334,0.8556333333333334,5.33,753.7166666666667
2025-07-14,2138.44,1456.75,1238.46,69.21,712.0,0.8559,5.33,753.48
2025-07-15,2139.66,1442.88,1230.84,68.71,694.0,0.8612,5.33,748.85
2025-07-16,2124.96,1449.31,1243.285,68.52,693.0,0.8566,5.33,752.87
2025-07-17,2146.53,1453.22,1199.445,69.52,703.0,0.8629,5.33,747.37
2025-07-18,2159.63,1450.64,1217.95,69.28,741.0,0.858,5.33,751.64
2025-07-19,2160.48,1454.1466666666668,1220.09,69.25666666666666,732.6666666666666,0.8565,5.33,752.96
2025-07-20,2161.33,1457.6533333333334,1222.23,69.23333333333333,724.3333333333334,0.855,5.33,754.28
2025-07-21,2162.18,1461.16,1224.37,69.21,716.0,0.8535,5.33,755.6
2025-07-22,2145.42,1448.76,1226.525,68.59,720.0,0.852,5.33,756.93
2025-07-23,2146.96,1450.7,1226.525,68.51,711.0,0.852,5.33,756.93
2025-07-24,2200.64,1445.0,1229.995,69.18,719.0,0.8496,5.33,759.07
2025-07-25,2219.78,1455.83,1226.525,68.44,711.0,0.852,5.33,756.93
2025-07-26,2222.1833333333334,1453.4366666666667,1224.3766666666668,68.97333333333333,708.3333333333334,0.8548666666666667,5.33,754.41
2025-07-27,2224.5866666666666,1451.0433333333333,1222.2283333333332,69.50666666666667,705.6666666666666,0.8577333333333333,5.33,751.89
2025-07-28,2226.99,1448.65,1220.08,70.04,703.0,0.8606,5.33,749.37
2025-07-29,2228.27,1446.83,1210.655,72.51,713.0,0.8673,5.33,743.58
2025-07-30,2230.08,1448.5,1222.87,73.24,703.0,0.8709,5.33,740.51
2025-07-31,2227.15,1445.8,1218.26,72.53,712.0,0.8742,5.33,737.71
2025-08-01,2231.99,1435.68,1229.65,69.67,701.0,0.8661,5.33,744.61
2025-08-02,2254.91,1439.9466666666667,1230.4083333333333,69.36666666666667,691.6666666666666,0.8655666666666667,5.33,745.07
2025-08-03,2277.83,1444.2133333333334,1231.1666666666667,69.06333333333333,682.3333333333334,0.8650333333333333,5.33,745.53
2025-08-04,2300.75,1448.48,1231.925,68.76,673.0,0.8645,5.33,745.99
2025-08-05,2283.98,1444.5,1233.07,67.64,670.0,0.8637,5.33,746.68
2025-08-06,2296.98,1446.43,1210.29,66.89,668.0,0.8593,5.33,750.5
2025-08-07,2227.64,1437.08,1209.585,66.43,662.0,0.8598,5.33,750.07
2025-08-08,2187.92,1443.0,1213.255,66.59,659.0,0.8572,5.33,752.34
2025-08-09,2186.1133333333332,1448.0,1212.7483333333334,66.60333333333334,658.6666666666666,0.8589333333333333,5.33,750.83
2025-08-10,2184.306666666667,1453.0,1212.2416666666666,66.61666666666666,658.3333333333334,0.8606666666666667,5.33,749.3199999999999
2025-08-11,2182.5,1458.0,1211.735,66.63,658.0,0.8624,5.33,747.81
2025-08-12,2195.77,1455.0,1225.775,66.12,648.0,0.8566,5.33,752.87
2025-08-13,2215.63,1450.08,1230.085,65.63,645.0,0.8536,5.33,755.51
2025-08-14,2232.39,1444.88,1252.475,66.84,643.0,0.8583,5.33,751.38
2025-08-15,2242.93,1455.7,1258.785,65.85,641.0,0.854,5.33,755.16
2025-08-16,2238.94,1460.5166666666667,1257.315,66.1,639.0,0.855,5.33,754.28
2025-08-17,2234.95,1465.3333333333335,1255.845,66.35,637.0,0.856,5.33,753.4
2025-08-18,2230.96,1470.15,1254.375,66.6,635.0,0.857,5.33,752.52
2025-08-19,2248.78,1479.49,1254.665,65.79,634.0,0.8568,5.33,752.69
2025-08-20,2268.18,1484.92,1236.01,66.84,654.0,0.8576,5.33,751.99
2025-08-21,2285.68,1487.91,1230.985,67.67,658.0,0.8611,5.33,748.93
2025-08-22,2267.4,1488.28,1243.11,67.73,649.0,0.8527,5.33,756.31
2025-08-23,2260.785,1490.27,1244.1399999999999,68.08666666666667,653.0,0.8537666666666667,5.33,755.165
2025-08-24,2254.17,1492.26,1245.17,68.44333333333333,657.0,0.8548333333333333,5.33,754.02
2025-08-25,2247.5550000000003,1494.25,1246.2,68.8,661.0,0.8559,5.33,752.875
2025-08-26,2240.94,1496.24,1247.23,67.22,664.0,0.8579,5.33,751.73
2025-08-27,2241.33,1501.47,1242.02,68.05,643.0,0.8615,5.33,748.59
2025-08-28,2247.25,1494.52,1253.645,68.62,647.0,0.8575,5.33,752.08
2025-08-29,2274.16,1503.19,1257.46,68.12,650.0,0.8549,5.33,754.37
2025-08-30,2268.9966666666664,1505.0633333333333,1255.705,68.13000000000001,652.3333333333334,0.8547666666666667,5.33,754.4866666666667
2025-08-31,2263.8333333333335,1506.9366666666667,1253.95,68.14,654.6666666666666,0.8546333333333334,5.33,754.6033333333334
2025-09-01,2258.67,1508.81,1252.195,68.15,657.0,0.8545,5.33,754.72
2025-09-02,2334.54,1510.34,1247.67,69.14,666.0,0.8576,5.33,751.99
2025-09-03,2406.26,1508.7,1249.56,67.6,669.0,0.8563,5.33,753.13
2025-09-04,2416.07,1492.75,1228.03,66.99,658.0,0.8591,5.33,750.68
2025-09-05,2419.05,1494.25,1245.01,65.5,661.0,0.8514,5.33,757.47
2025-09-06,2423.2000000000003,1491.0833333333333,1245.155,65.67333333333333,662.0,0.8513000000000001,5.33,757.5566666666667
2025-09-07,2427.35,1487.9166666666667,1245.3,65.84666666666666,663.0,0.8512,5.33,757.6433333333333
2025-09-08,2431.5,1484.75,1245.445,66.02,664.0,0.8511,5.33,757.73
2025-09-09,2426.54,1472.5,1242.24,66.39,665.0,0.8533,5.33,755.78
2025-09-10,2373.9,1474.65,1259.96,67.49,670.0,0.8532,5.33,755.87
2025-09-11,2327.72,1472.75,1268.35,66.37,651.0,0.8515,5.33,757.38
2025-09-12,2376.01,1471.28,1265.67,66.99,675.0,0.8533,5.33,755.78
2025-09-13,2383.3033333333333,1475.75,1267.21,67.14,672.6666666666666,0.8522666666666666,5.33,756.6999999999999
2025-09-14,2390.596666666667,1480.22,1268.75,67.28999999999999,670.3333333333334,0.8512333333333333,5.33,757.62
2025-09-15,2397.89,1484.69,1270.29,67.44,668.0,0.8502,5.33,758.54
2025-09-16,2460.96,1485.02,1279.165,68.47,665.0,0.8443,5.33,763.84
2025-09-17,2459.22,1486.43,1279.775,67.95,684.0,0.8439,5.33,764.2
2025-09-18,2474.76,1503.49,1272.985,67.44,672.0,0.8484,5.33,760.15
2025-09-19,2457.96,1491.5,1262.625,66.68,676.0,0.8514,5.33,757.47
2025-09-20,2430.5433333333335,1489.0266666666666,1263.4683333333332,66.64333333333333,670.6666666666666,0.8508333333333333,5.33,757.9733333333334
2025-09-21,2403.1266666666666,1486.5533333333333,1264.3116666666667,66.60666666666667,665.3333333333334,0.8502666666666667,5.33,758.4766666666667
2025-09-22,2375.71,1484.08,1265.155,66.57,660.0,0.8497,5.33,758.98
2025-09-23,2373.71,1480.0,1267.99,67.63,661.0,0.8478,5.33,760.68
2025-09-24,2391.64,1481.7,1262.48,69.31,680.0,0.8515,5.33,757.38
2025-09-25,2456.11,1489.38,1255.11,69.42,686.0,0.8565,5.33,752.96
2025-09-26,2529.67,1498.11,1262.865,70.13,695.0,0.8552,5.33,754.1
2025-09-27,2533.37,1493.5533333333333,1264.2483333333334,69.41,691.0,0.8542666666666666,5.33,754.9266666666667
2025-09-28,2537.07,1488.9966666666667,1265.6316666666667,68.69,687.0,0.8533333333333334,5.33,755.7533333333333
2025-09-29,2540.77,1484.44,1267.015,67.97,683.0,0.8524,5.33,756.58
2025-09-30,2548.34,1487.41,1255.425,67.02,677.0,0.8523,5.33,756.67
2025-10-01,2575.94,1503.44,1255.135,65.35,665.0,0.8525,5.33,756.49
2025-10-02,2471.11,1476.59,1251.9,64.11,659.0,0.8547,5.33,754.54
2025-10-03,2548.69,1479.29,1244.86,64.53,659.0,0.8515,5.33,757.38
2025-10-04,2568.9833333333336,1477.6766666666667,1243.695,64.84333333333333,659.3333333333334,0.8523000000000001,5.33,756.67
2025-10-05,2589.2766666666666,1476.0633333333333,1242.53,65.15666666666667,659.6666666666666,0.8531,5.33,755.96
2025-10-06,2609.57,1474.45,1241.365,65.47,660.0,0.8539,5.33,755.25
2025-10-07,2599.15,1475.25,1237.305,65.45,654.0,0.8567,5.33,752.78
2025-10-08,2615.33,1497.0,1231.41,66.25,660.0,0.8608,5.33,749.2
2025-10-09,2643.68,1497.0,1225.72,65.22,664.0,0.8648,5.33,745.73
2025-10-10,2591.5,1479.83,1237.94,62.73,652.0,0.8603,5.33,749.63
2025-10-11,2606.9366666666665,1478.2033333333334,1236.0316666666668,62.92666666666666,648.3333333333334,0.8616333333333333,5.33,748.4733333333334
2025-10-12,2622.3733333333334,1476.5766666666666,1234.1233333333332,63.123333333333335,644.6666666666666,0.8629666666666667,5.33,747.3166666666666
2025-10-13,2637.81,1474.95,1232.215,63.32,641.0,0.8643,5.33,746.16
2025-10-14,2624.45,1465.5,1234.355,62.39,640.0,0.8628,5.33,747.46
2025-10-15,2625.01,1467.28,1233.135,61.91,633.0,0.8596,5.33,750.24
2025-10-16,2618.55,1486.97,1237.165,61.06,635.0,0.8568,5.33,752.69
2025-10-17,2607.15,1491.45,1236.295,61.29,609.0,0.8574,5.33,752.17
2025-10-18,2630.93,1492.01,1236.295,61.196666666666665,614.6666666666666,0.8574,5.33,752.17
2025-10-19,2654.71,1492.5700000000002,1236.295,61.10333333333333,620.3333333333334,0.8574,5.33,752.17
2025-10-20,2678.49,1493.13,1236.295,61.01,626.0,0.8574,5.33,752.17
2025-10-21,2809.29,1500.53,1230.84,61.32,631.0,0.8612,5.33,748.85
2025-10-22,2811.94,1508.81,1230.84,62.59,637.0,0.8612,5.33,748.85
2025-10-23,2656.55,1515.47,1230.415,65.99,680.0,0.8615,5.33,748.59
2025-10-24,2731.25,1519.75,1238.805,65.94,686.0,0.8597,5.33,750.15
2025-10-25,2727.99,1520.38,1238.9483333333333,65.83333333333333,693.3333333333334,0.8596,5.33,750.24
2025-10-26,2724.73,1521.01,1239.0916666666667,65.72666666666667,700.6666666666666,0.8595,5.33,750.3299999999999
2025-10-27,2721.47,1521.64,1239.235,65.62,708.0,0.8594,5.33,750.42
2025-10-28,2552.42,1511.95,1241.84,64.4,705.0,0.8576,5.33,751.99
2025-10-29,2527.79,1505.13,1236.01,64.92,698.0,0.8576,5.33,751.99
2025-10-30,2587.92,1497.05,1243.06,65.0,700.0,0.8648,5.33,745.73
2025-10-31,2531.32,1494.14,1234.14,65.07,698.0,0.867,5.33,743.84
2025-11-01,2529.2566666666667,1499.29,1233.9983333333334,65.00999999999999,700.6666666666666,0.8671,5.33,743.7533333333333
2025-11-02,2527.1933333333336,1504.44,1233.8566666666666,64.95,703.3333333333334,0.8672,5.33,743.6666666666667
2025-11-03,2525.13,1509.59,1233.715,64.89,706.0,0.8673,5.33,743.58
2025-11-04,2509.36,1520.86,1223.995,64.44,693.0,0.8701,5.33,741.19
2025-11-05,2486.21,1502.0,1222.45,63.52,713.0,0.8712,5.33,740.25
2025-11-06,2509.73,1494.5,1228.66,63.38,710.0,0.8668,5.33,744.01
2025-11-07,2503.64,1500.25,1227.42,63.63,731.0,0.8636,5.33,746.77
2025-11-08,2511.0133333333333,1499.1666666666667,1226.4750000000001,63.77333333333333,724.3333333333334,0.8642666666666667,5.33,746.1933333333333
2025-11-09,2518.3866666666668,1498.0833333333333,1225.53,63.91666666666667,717.6666666666666,0.8649333333333333,5.33,745.6166666666667
2025-11-10,2525.76,1497.0,1224.585,64.06,711.0,0.8656,5.33,745.04
2025-11-11,2568.1,1516.75,1223.47,65.16,735.0,0.8623,5.33,747.89
2025-11-12,2560.79,1504.75,1223.045,62.71,727.0,0.8626,5.33,747.63
2025-11-13,2559.53,1500.67,1228.17,63.01,728.0,0.859,5.33,750.77
2025-11-14,2592.84,1530.5,1225.605,64.39,725.0,0.8608,5.33,749.2
2025-11-15,2594.286666666667,1529.74,1226.8733333333334,64.32666666666667,721.0,0.8612666666666666,5.33,748.7933333333334
2025-11-16,2595.733333333333,1528.98,1228.1416666666667,64.26333333333334,717.0,0.8617333333333334,5.33,748.3866666666667
2025-11-17,2597.18,1528.22,1229.41,64.2,713.0,0.8622,5.33,747.98
2025-11-18,2628.02,1546.69,1227.135,64.89,741.0,0.8638,5.33,746.59
2025-11-19,2523.69,1528.34,1228.66,63.51,754.0,0.8668,5.33,744.01
2025-11-20,2537.91,1516.22,1228.94,63.38,738.0,0.8666,5.33,744.18
2025-11-21,2524.89,1491.78,1218.95,62.56,690.0,0.8696,5.33,741.61
2025-11-22,2518.4733333333334,1482.9366666666667,1219.7933333333333,62.83,685.6666666666666,0.869,5.33,742.1233333333333
2025-11-23,2512.0566666666664,1474.0933333333332,1220.6366666666668,63.1,681.3333333333334,0.8684000000000001,5.33,742.6366666666667
2025-11-24,2505.64,1465.25,1221.48,63.37,677.0,0.8678,5.33,743.15
2025-11-25,2488.49,1450.55,1220.5,62.48,667.0,0.8644,5.33,746.08
2025-11-26,2475.72,1446.88,1200.14,63.13,646.0,0.8624,5.33,747.81
2025-11-27,2500.03,1463.67,1212.015,63.34,647.0,0.8622,5.33,747.98
2025-11-28,2506.15,1469.32,1211.735,63.2,654.0,0.8624,5.33,747.81
2025-11-29,2534.0266666666666,1468.4933333333333,1212.7683333333332,63.190000000000005,656.0,0.8616666666666667,5.33,748.4466666666666
2025-11-30,2561.9033333333336,1467.6666666666665,1213.8016666666667,63.18,658.0,0.8609333333333333,5.33,749.0833333333334
2025-12-01,2589.78,1466.84,1214.835,63.17,660.0,0.8602,5.33,749.72
2025-12-02,2553.73,1455.52,1212.44,62.45,638.0,0.8619,5.33,748.24
2025-12-03,2458.03,1452.25,1218.945,62.67,646.0,0.8573,5.33,752.25
2025-12-04,2426.35,1455.38,1218.66,63.26,635.0,0.8575,5.33,752.08
2025-12-05,2453.69,1466.75,1215.685,63.75,636.0,0.8596,5.33,750.24
2025-12-06,2448.4533333333334,1463.5833333333333,1217.055,63.33,635.0,0.86,5.33,749.8933333333333
2025-12-07,2443.2166666666667,1460.4166666666667,1218.425,62.910000000000004,634.0,0.8604,5.33,749.5466666666667
2025-12-08,2437.98,1457.25,1219.795,62.49,633.0,0.8608,5.33,749.2
2025-12-09,2453.35,1441.61,1222.07,61.94,618.0,0.8592,5.33,750.59
2025-12-10,2590.59,1468.25,1228.745,62.21,623.0,0.8586,5.33,751.11
2025-12-11,2535.6,1453.83,1245.885,61.28,611.0,0.8508,5.33,758.0
2025-12-12,2540.66,1459.25,1250.15,61.12,600.0,0.8519,5.33,757.02
2025-12-13,2536.003333333333,1456.5066666666667,1250.9333333333334,60.93333333333333,606.6666666666666,0.8513666666666666,5.33,757.4966666666667
2025-12-14,2531.346666666667,1453.7633333333333,1251.7166666666667,60.74666666666667,613.3333333333334,0.8508333333333333,5.33,757.9733333333334
2025-12-15,2526.69,1451.02,1252.5,60.56,620.0,0.8503,5.33,758.45
2025-12-16,2577.67,1433.79,1253.975,58.92,581.0,0.8493,5.33,759.34
2025-12-17,2584.27,1433.88,1257.345,59.68,589.0,0.851,5.33,757.82
2025-12-18,2575.83,1437.4,1244.715,59.82,588.0,0.8516,5.33,757.29
2025-12-19,2548.29,1426.7,1242.09,60.47,583.0,0.8534,5.33,755.69
2025-12-20,2566.4966666666664,1422.0333333333333,1245.4616666666666,61.00333333333333,591.6666666666666,0.8524333333333334,5.33,756.5500000000001
2025-12-21,2584.7033333333334,1417.3666666666668,1248.8333333333333,61.53666666666667,600.3333333333334,0.8514666666666667,5.33,757.41
2025-12-22,2602.91,1412.7,1252.205,62.07,609.0,0.8505,5.33,758.27
2025-12-23,2689.79,1421.08,1254.12,62.38,610.0,0.8492,5.33,759.43
2025-12-24,2693.28,1418.03,1256.19,62.24,627.0,0.8492,5.33,760.68
2025-12-25,2699.862,1414.33,1255.482,61.44,627.0,0.8493999999999999,5.33,760.252
2025-12-26,2706.444,1410.6299999999999,1254.7740000000001,60.64,624.0,0.8495999999999999,5.33,759.824
2025-12-27,2713.0260000000003,1406.93,1254.066,61.07333333333333,622.6666666666666,0.8498,5.33,759.396
2025-12-28,2719.608,1403.23,1253.3580000000002,61.50666666666667,621.3333333333334,0.85,5.33,758.968
2025-12-29,2726.19,1399.53,1252.65,61.94,620.0,0.8502,5.33,758.54
2025-12-30,2732.99,1406.31,1258.675,61.92,617.0,0.8501,5.33,758.63
2025-12-31,2733.77,1410.52,1254.395,60.85,627.0,0.8517,5.33,756.05
2026-01-01,2706.45,1405.995,1255.575,60.8,627.0,0.85155,5.33,756.76
2026-01-02,2679.13,1401.47,1256.755,60.75,628.0,0.8514,5.33,757.47
2026-01-03,2674.866666666667,1399.0633333333333,1253.4783333333335,61.086666666666666,625.3333333333334,0.8523000000000001,5.33,756.6700000000001
2026-01-04,2670.6033333333335,1396.6566666666668,1250.2016666666666,61.42333333333333,622.6666666666666,0.8532,5.33,755.87
2026-01-05,2666.34,1394.25,1246.925,61.76,620.0,0.8541,5.33,755.07
2026-01-06,2625.62,1383.6,1244.885,60.7,618.0,0.8555,5.33,753.84
2026-01-07,2596.05,1378.17,1238.755,59.96,599.0,0.8557,5.33,753.66
2026-01-08,2540.79,1381.75,1223.635,61.99,612.0,0.8581,5.33,751.55
2026-01-09,2535.36,1391.75,1221.355,63.34,622.0,0.8597,5.33,750.15
2026-01-10,2525.4500000000003,1391.8333333333333,1222.9716666666666,63.516666666666666,620.6666666666666,0.8585666666666667,5.33,751.1433333333333
2026-01-11,2515.54,1391.9166666666667,1224.5883333333334,63.693333333333335,619.3333333333334,0.8574333333333333,5.33,752.1366666666667
2026-01-12,2505.63,1392.0,1226.205,63.87,618.0,0.8563,5.33,753.13
2026-01-13,2504.45,1422.5,1221.925,65.47,634.0,0.8593,5.33,750.5
2026-01-14,2499.45,1429.25,1223.635,66.52,648.0,0.8581,5.33,751.55
2026-01-15,2479.44,1410.78,1224.75,63.76,625.0,0.8614,5.33,748.67
2026-01-16,2510.02,1420.22,1223.76,64.13,625.0,0.8621,5.33,748.07
2026-01-17,2510.6,1419.7966666666666,1225.2783333333334,64.06666666666666,634.0,0.8610333333333333,5.33,748.9966666666667
2026-01-18,2511.1800000000003,1419.3733333333334,1226.7966666666666,64.00333333333333,643.0,0.8599666666666667,5.33,749.9233333333334
2026-01-19,2511.76,1418.95,1228.315,63.94,652.0,0.8589,5.33,750.85
2026-01-20,2494.19,1406.92,1231.96,64.92,650.0,0.8523,5.33,756.67
2026-01-21,2517.9,1420.45,1228.07,65.24,672.0,0.855,5.33,754.28
2026-01-22,2467.63,1411.77,1233.695,64.06,666.0,0.8511,5.33,757.73
2026-01-23,2459.25,1412.44,1228.69,65.88,668.0,0.8505,5.33,758.27
2026-01-24,2453.63,1413.5033333333333,1233.1200000000001,65.78333333333333,667.6666666666666,0.8474666666666667,5.33,761.0033333333333
2026-01-25,2448.0099999999998,1414.5666666666668,1237.55,65.68666666666667,667.3333333333334,0.8444333333333334,5.33,763.7366666666667
2026-01-26,2442.39,1415.63,1241.98,65.59,667.0,0.8414,5.33,766.47
2026-01-27,2445.16,1422.99,1226.955,67.57,668.0,0.8354,5.33,771.97
2026-01-28,2395.15,1430.71,1237.47,68.4,683.0,0.838,5.33,769.58
2026-01-29,2350.04,1407.73,1237.325,70.71,696.0,0.8381,5.33,769.49
2026-01-30,2357.91,1440.25,1223.71,70.69,696.0,0.8417,5.33,766.2
2026-01-31,2339.8033333333333,1429.0633333333333,1221.0633333333333,69.22666666666666,683.5,0.8435333333333334,5.33,764.5400000000001
2026-02-01,2321.6966666666667,1417.8766666666668,1218.4166666666667,67.76333333333334,671.0,0.8453666666666666,5.33,762.88
2026-02-02,2303.59,1406.69,1215.77,66.3,658.5,0.8472,5.33,761.22
2026-02-03,2379.46,1413.3,1216.775,67.33,675.75,0.8465,5.33,761.85
2026-02-04,2369.08,1395.88,1208.87,69.46,681.75,0.8479,5.33,760.59
2026-02-05,2411.4,1391.45,1208.585,67.55,668.75,0.8481,5.33,760.41
2026-02-06,2501.83,1403.5,1210.865,68.05,675.25,0.8465,5.33,761.85
2026-02-07,2502.3433333333332,1406.3333333333333,1213.8933333333334,68.38,674.9166666666666,0.8444,5.33,763.7533333333333
2026-02-08,2502.8566666666666,1409.1666666666667,1216.9216666666666,68.71000000000001,674.5833333333334,0.8422999999999999,5.33,765.6566666666666
2026-02-09,2503.37,1412.0,1219.95,69.04,674.25,0.8402,5.33,767.56
2026-02-10,2512.85,1420.28,1219.8,68.8,663.0,0.8403,5.33,767.47
2026-02-11,2535.24,1433.92,1216.185,69.4,674.75,0.8428,5.33,765.2
2026-02-12,2525.61,1413.53,1216.33,67.52,652.25,0.8427,5.33,765.29
2026-02-13,2605.73,1419.62,1210.535,67.75,648.5,0.8426,5.33,765.38
2026-02-14,2607.9266666666667,1421.0433333333333,1210.0583333333334,68.05,653.0833333333334,0.8429333333333333,5.33,765.0766666666667
2026-02-15,2610.1233333333334,1422.4666666666667,1209.5816666666667,68.35000000000001,657.6666666666666,0.8432666666666667,5.33,764.7733333333333
2026-02-16,2612.32,1423.89,1209.105,68.65,662.25,0.8436,5.33,764.47
2026-02-17,2559.5,1416.06,1200.475,67.42,650.25,0.8455,5.33,762.75
2026-02-18,2568.73,1426.08,1199.34,70.35,689.75,0.8463,5.33,762.03
2026-02-19,2514.59,1438.53,1194.26,71.66,720.25,0.8499,5.33,758.8
2026-02-20,2519.13,1412.72,1184.025,71.76,708.25,0.8488,5.33,759.79
2026-02-21,2530.2033333333334,1417.0233333333333,1184.63,71.67,710.9166666666666,0.8483666666666667,5.33,760.1766666666666
2026-02-22,2541.2766666666666,1421.3266666666668,1185.235,71.58,713.5833333333334,0.8479333333333333,5.33,760.5633333333334
2026-02-23,2552.35,1425.63,1185.84,71.49,716.25,0.8475,5.33,760.95
2026-02-24,2561.82,1410.7,1184.585,70.77,716.75,0.8484,5.33,760.15
2026-02-25,2558.38,1393.03,1186.26,70.85,716.0,0.8472,5.33,761.22
2026-02-26,2665.26,1404.27,1185.42,70.75,716.0,0.8478,5.33,760.68
2026-02-27,2724.23,1405.44,1187.52,72.48,731.5,0.8463,5.33,762.03
2026-02-28,2719.7233333333334,1407.1733333333334,1182.9433333333334,74.23333333333333,778.25,0.8496,5.33,759.0933333333334
2026-03-01,2715.2166666666667,1408.9066666666668,1178.3666666666666,75.98666666666666,825.0,0.8529,5.33,756.1566666666666
2026-03-02,2710.71,1410.64,1173.79,77.74,871.75,0.8562,5.33,753.22
2026-03-03,2683.38,1358.09,1165.35,81.4,959.25,0.8624,5.33,747.81
2026-03-04,2689.7,1392.86,1168.745,81.4,999.5,0.8599,5.33,749.98
2026-03-05,2687.48,1408.5,1173.68,85.41,1017.25,0.8648,5.33,745.73
2026-03-06,2690.77,1402.15,1177.22,92.69,1070.25,0.8622,5.33,747.98
2026-03-07,2693.3166666666666,1410.3233333333335,1177.0383333333334,94.78,1126.75,0.8623333333333333,5.33,747.8633333333333
2026-03-08,2695.8633333333332,1418.4966666666667,1176.8566666666666,96.86999999999999,1183.25,0.8624666666666667,5.33,747.7466666666667
2026-03-09,2698.41,1426.67,1176.675,98.96,1239.75,0.8626,5.33,747.63
2026-03-10,2821.06,1412.75,1193.665,87.8,1092.0,0.8587,5.33,751.03
2026-03-11,2895.72,1443.5,1191.995,91.98,1091.0,0.8641,5.33,746.33
2026-03-12,2792.24,1422.75,1187.32,100.46,1173.75,0.8675,5.33,743.41
2026-03-13,2843.29,1513.05,1178.355,103.14,1127.0,0.8741,5.33,737.8
2026-03-14,2876.47,1524.7966666666666,1179.7533333333333,102.16333333333333,1138.8333333333333,0.8730666666666667,5.33,738.6733333333333
2026-03-15,2909.65,1536.5433333333333,1181.1516666666666,101.18666666666667,1150.6666666666667,0.8720333333333333,5.33,739.5466666666666
2026-03-16,2942.83,1548.29,1182.55,100.21,1162.5,0.871,5.33,740.42
2026-03-17,2779.79,1531.6,1210.655,103.42,1177.25,0.8673,5.33,743.58
2026-03-18,2826.95,1528.96,1209.82,107.38,1228.25,0.8679,5.33,743.07
2026-03-19,2803.5,1564.94,1210.935,108.65,1360.25,0.8671,5.33,743.75
2026-03-20,2861.88,1580.79,1214.155,112.19,1343.75,0.8648,5.33,745.73
2026-03-21,2855.2333333333336,1579.1266666666666,1214.81,108.10666666666667,1343.8333333333333,0.8643333333333333,5.33,746.1333333333333
2026-03-22,2848.5866666666666,1577.4633333333334,1215.465,104.02333333333333,1343.9166666666667,0.8638666666666667,5.33,746.5366666666667
2026-03-23,2841.94,1575.8,1216.12,99.94,1344.0,0.8634,5.33,746.94
2026-03-24,2888.53,1519.46,1245.655,104.49,1251.25,0.863,5.33,747.29
2026-03-25,2805.99,1490.82,1243.925,102.22,1166.25,0.8642,5.33,746.25
2026-03-26,2861.71,1496.46,1228.375,108.01,1282.5,0.867,5.33,743.84
2026-03-27,2951.59,1484.34,1226.96,112.57,1381.0,0.868,5.33,742.98
2026-03-28,2961.5733333333333,1482.6933333333334,1228.3883333333333,112.64,1385.75,0.8697,5.33,741.5333333333333
2026-03-29,2971.556666666667,1481.0466666666666,1229.8166666666666,112.71,1390.5,0.8714,5.33,740.0866666666667
2026-03-30,2981.54,1479.4,1231.245,112.78,1395.25,0.8731,5.33,738.64
2026-03-31,2989.87,1476.83,1239.475,118.35,1319.25,0.8673,5.33,743.58
2026-04-01,3014.9,1482.69,1248.255,101.16,1276.75,0.8612,5.33,748.85
2026-04-02,3152.06,1477.63,1239.475,109.03,1454.75,0.8662,5.33,744.52
2026-04-03,3103.892,1471.5800000000002,1240.365,109.215,1406.25,0.866275,5.33,744.866
2026-04-04,3055.7239999999997,1465.5300000000002,1241.2549999999999,109.4,1407.5,0.86635,5.33,745.212
2026-04-05,3007.556,1459.48,1242.145,109.585,1408.75,0.866425,5.33,745.558
2026-04-06,2959.388,1453.43,1243.0349999999999,109.77,1410.0,0.8665,5.33,745.904
2026-04-07,2911.22,1447.38,1243.925,109.27,1386.75,0.8642,5.33,746.25
2026-04-08,2836.3,1446.15,1257.015,94.75,1231.25,0.8552,5.33,754.1
2026-04-09,2876.38,1445.0,1275.15,95.92,1266.75,0.8548,5.33,754.45
2026-04-10,2804.52,1483.22,1279.49,95.2,1188.5,0.8519,5.33,757.02
2026-04-11,2817.97,1477.23,1278.2933333333333,96.58666666666667,1202.5,0.8527,5.33,756.3133333333333
2026-04-12,2831.42,1471.24,1277.0966666666668,97.97333333333333,1216.5,0.8534999999999999,5.33,755.6066666666667
2026-04-13,2844.87,1465.25,1275.9,99.36,1230.5,0.8543,5.33,754.9
2026-04-14,2941.93,1545.54,1286.14,94.79,1177.0,0.8475,5.33,760.95
2026-04-15,2870.77,1573.4,1280.84,94.93,1222.25,0.8471,5.33,761.31
2026-04-16,2894.34,1564.4,1277.675,99.39,1224.25,0.8492,5.33,759.43
2026-04-17,2827.59,1552.95,1280.84,90.38,1177.5,0.8471,5.33,761.31
2026-04-18,2838.02,1550.3,1278.1216666666667,92.08,1170.3333333333333,0.8476,5.33,760.8633333333333
2026-04-19,2848.4500000000003,1547.65,1275.4033333333332,93.78,1163.1666666666667,0.8481,5.33,760.4166666666666
2026-04-20,2858.88,1545.0,1272.685,95.48,1156.0,0.8486,5.33,759.97
2026-04-21,2922.44,1561.5,1263.515,98.48,1133.25,0.8508,5.33,758.0
2026-04-22,3142.72,1550.07,1259.815,101.91,1225.75,0.8533,5.33,755.78
2026-04-23,3098.75,1529.96,1259.225,105.07,1252.0,0.8537,5.33,755.43
